,OrigCode,DestCode,Origin,Destination,Trips,OPop,DEmpl,Ourban,Durban,OInc,DInc,Distance
0,30101,30101,Gamle Oslo,Gamle Oslo,54156,41736,43121.0,4.75,4.75,453000,453000,0.0
1,30101,30102,Gamle Oslo,Grünerløkka,18469,41736,29560.0,4.75,3.65,453000,450000,2143.111352411188
2,30101,30103,Gamle Oslo,Sagene,9668,41736,19408.0,4.75,2.34,453000,461000,3837.4116741526727
3,30101,30104,Gamle Oslo,St. Hanshaugen,12592,41736,54104.0,4.75,2.8,453000,430000,4360.828506791868
4,30101,30105,Gamle Oslo,Frogner,14549,41736,48082.0,4.75,5.35,453000,464000,5157.307530520635
5,30101,30106,Gamle Oslo,Ullern,5653,41736,38334.0,4.75,7.1,453000,648000,5495.850695310252
6,30101,30107,Gamle Oslo,Vestre Aker,6155,41736,13362.0,4.75,11.55,453000,688000,9036.710976371432
7,30101,30108,Gamle Oslo,Nordre Aker,9544,41736,42238.0,4.75,10.5,453000,578000,5531.682961834201
8,30101,30109,Gamle Oslo,Bjerke,6256,41736,22537.0,4.75,5.85,453000,490000,4888.176111972501
9,30101,30110,Gamle Oslo,Grorud,4021,41736,9297.0,4.75,4.37,453000,453000,10092.272151328758
10,30101,30111,Gamle Oslo,Stovner,4182,41736,9490.0,4.75,5.04,453000,489000,10711.85310778364
11,30101,30112,Gamle Oslo,Alna,11523,41736,31427.0,4.75,9.23,453000,477000,5709.539042453486
12,30101,30113,Gamle Oslo,Østensjø,9885,41736,12470.0,4.75,7.66,453000,539000,5262.418363336425
13,30101,30114,Gamle Oslo,Nordstrand,9447,41736,11179.0,4.75,11.83,453000,607000,5575.669371347049
14,30101,30115,Gamle Oslo,Søndre Nordstrand,5692,41736,6701.0,4.75,6.16,453000,539000,11800.002553427603
15,30101,30116,Gamle Oslo,Sentrum,11361,41736,77995.0,4.75,1.4,453000,335000,2215.570736007706
16,30101,30117,Gamle Oslo,Marka,380,41736,793.0,4.75,5.699999999999999,453000,625000,13807.734657262357
17,30102,30101,Grünerløkka,Gamle Oslo,18715,47824,43121.0,3.65,4.75,450000,453000,2220.5920449705786
18,30102,30102,Grünerløkka,Grünerløkka,57167,47824,29560.0,3.65,3.65,450000,450000,0.0
19,30102,30103,Grünerløkka,Sagene,15488,47824,19408.0,3.65,2.34,450000,461000,1943.3970640756836
20,30102,30104,Grünerløkka,St. Hanshaugen,15743,47824,54104.0,3.65,2.8,450000,430000,2850.3803440075603
21,30102,30105,Grünerløkka,Frogner,14880,47824,48082.0,3.65,5.35,450000,464000,5414.543905645182
22,30102,30106,Grünerløkka,Ullern,5328,47824,38334.0,3.65,7.1,450000,648000,6440.396647702842
23,30102,30107,Grünerløkka,Vestre Aker,6017,47824,13362.0,3.65,11.55,450000,688000,8350.244073659203
24,30102,30108,Grünerløkka,Nordre Aker,11666,47824,42238.0,3.65,10.5,450000,578000,3637.6683517572114
25,30102,30109,Grünerløkka,Bjerke,7503,47824,22537.0,3.65,5.85,450000,490000,3561.389676635192
26,30102,30110,Grünerløkka,Grorud,3918,47824,9297.0,3.65,4.37,450000,453000,8855.066991932954
27,30102,30111,Grünerløkka,Stovner,3956,47824,9490.0,3.65,5.04,450000,489000,9385.06667244633
28,30102,30112,Grünerløkka,Alna,8985,47824,31427.0,3.65,9.23,450000,477000,5294.072400481114
29,30102,30113,Grünerløkka,Østensjø,6438,47824,12470.0,3.65,7.66,450000,539000,5730.216453285571
30,30102,30114,Grünerløkka,Nordstrand,6551,47824,11179.0,3.65,11.83,450000,607000,7676.626390897345
31,30102,30115,Grünerløkka,Søndre Nordstrand,3847,47824,6701.0,3.65,6.16,450000,539000,14010.685702421997
32,30102,30116,Grünerløkka,Sentrum,9811,47824,77995.0,3.65,1.4,450000,335000,3197.5587561714124
33,30102,30117,Grünerløkka,Marka,565,47824,793.0,3.65,5.699999999999999,450000,625000,11913.720047185367
34,30103,30101,Sagene,Gamle Oslo,9690,33852,43121.0,2.34,4.75,461000,453000,3796.002478906075
35,30103,30102,Sagene,Grünerløkka,15379,33852,29560.0,2.34,3.65,461000,450000,1955.2502210854907
36,30103,30103,Sagene,Sagene,31938,33852,19408.0,2.34,2.34,461000,461000,0.0
37,30103,30104,Sagene,St. Hanshaugen,11580,33852,54104.0,2.34,2.8,461000,430000,1868.76781999271
38,30103,30105,Sagene,Frogner,10563,33852,48082.0,2.34,5.35,461000,464000,4995.64957809957
39,30103,30106,Sagene,Ullern,4047,33852,38334.0,2.34,7.1,461000,648000,5845.2628769707735
40,30103,30107,Sagene,Vestre Aker,4572,33852,13362.0,2.34,11.55,461000,688000,7247.014350869352
41,30103,30108,Sagene,Nordre Aker,13830,33852,42238.0,2.34,10.5,461000,578000,1884.671172251052
42,30103,30109,Sagene,Bjerke,4755,33852,22537.0,2.34,5.85,461000,490000,4443.144531503803
43,30103,30110,Sagene,Grorud,2484,33852,9297.0,2.34,4.37,461000,453000,9007.116680899046
44,30103,30111,Sagene,Stovner,1978,33852,9490.0,2.34,5.04,461000,489000,10653.719365666482
45,30103,30112,Sagene,Alna,5384,33852,31427.0,2.34,9.23,461000,477000,6854.8861922602655
46,30103,30113,Sagene,Østensjø,3673,33852,12470.0,2.34,7.66,461000,539000,7685.466674371059
47,30103,30114,Sagene,Nordstrand,3724,33852,11179.0,2.34,11.83,461000,607000,8773.789069634602
48,30103,30115,Sagene,Søndre Nordstrand,1800,33852,6701.0,2.34,6.16,461000,539000,15026.409945019564
49,30103,30116,Sagene,Sentrum,5477,33852,77995.0,2.34,1.4,461000,335000,4057.8938905816794
50,30103,30117,Sagene,Marka,611,33852,793.0,2.34,5.699999999999999,461000,625000,10160.722867679206
51,30104,30101,St. Hanshaugen,Gamle Oslo,12727,29966,43121.0,2.8,4.75,430000,453000,4532.999784039494
52,30104,30102,St. Hanshaugen,Grünerløkka,15837,29966,29560.0,2.8,3.65,430000,450000,2842.3186554734016
53,30104,30103,St. Hanshaugen,Sagene,11780,29966,19408.0,2.8,2.34,430000,461000,1869.3447469106911
54,30104,30104,St. Hanshaugen,St. Hanshaugen,35436,29966,54104.0,2.8,2.8,430000,430000,0.0
55,30104,30105,St. Hanshaugen,Frogner,18561,29966,48082.0,2.8,5.35,430000,464000,3739.4172838365926
56,30104,30106,St. Hanshaugen,Ullern,5378,29966,38334.0,2.8,7.1,430000,648000,4300.922129547601
57,30104,30107,St. Hanshaugen,Vestre Aker,7374,29966,13362.0,2.8,11.55,430000,688000,6345.052405175703
58,30104,30108,St. Hanshaugen,Nordre Aker,11459,29966,42238.0,2.8,10.5,430000,578000,3161.506711309059
59,30104,30109,St. Hanshaugen,Bjerke,4259,29966,22537.0,2.8,5.85,430000,490000,6184.069986269997
60,30104,30110,St. Hanshaugen,Grorud,2641,29966,9297.0,2.8,4.37,430000,453000,10748.042135665235
61,30104,30111,St. Hanshaugen,Stovner,2443,29966,9490.0,2.8,5.04,430000,489000,12227.38532791973
62,30104,30112,St. Hanshaugen,Alna,5946,29966,31427.0,2.8,9.23,430000,477000,8136.391055954514
63,30104,30113,St. Hanshaugen,Østensjø,5519,29966,12470.0,2.8,7.66,430000,539000,8572.53510875897
64,30104,30114,St. Hanshaugen,Nordstrand,5896,29966,11179.0,2.8,11.83,430000,607000,8787.056680460066
65,30104,30115,St. Hanshaugen,Søndre Nordstrand,3562,29966,6701.0,2.8,6.16,430000,539000,15015.565603553056
66,30104,30116,St. Hanshaugen,Sentrum,12214,29966,77995.0,2.8,1.4,430000,335000,4047.0495491151714
67,30104,30117,St. Hanshaugen,Marka,567,29966,793.0,2.8,5.699999999999999,430000,625000,11515.849353025551
68,30105,30101,Frogner,Gamle Oslo,14509,42741,43121.0,5.35,4.75,464000,453000,5195.065116918232
69,30105,30102,Frogner,Grünerløkka,14859,42741,29560.0,5.35,3.65,464000,450000,5419.345083763808
70,30105,30103,Frogner,Sagene,10579,42741,19408.0,5.35,2.34,464000,461000,4959.614120623244
71,30105,30104,Frogner,St. Hanshaugen,18712,42741,54104.0,5.35,2.8,464000,430000,3732.1679574768204
72,30105,30105,Frogner,Frogner,65838,42741,48082.0,5.35,5.35,464000,464000,0.0
73,30105,30106,Frogner,Ullern,12645,42741,38334.0,5.35,7.1,464000,648000,2583.118128023521
74,30105,30107,Frogner,Vestre Aker,14795,42741,13362.0,5.35,11.55,464000,688000,5884.76641835075
75,30105,30108,Frogner,Nordre Aker,13840,42741,42238.0,5.35,10.5,464000,578000,5970.97908545217
76,30105,30109,Frogner,Bjerke,5101,42741,22537.0,5.35,5.85,464000,490000,8761.096414560401
77,30105,30110,Frogner,Grorud,3352,42741,9297.0,5.35,4.37,464000,453000,13325.06856395564
78,30105,30111,Frogner,Stovner,3225,42741,9490.0,5.35,5.04,464000,489000,14804.411756210138
79,30105,30112,Frogner,Alna,7528,42741,31427.0,5.35,9.23,464000,477000,10590.817020275608
80,30105,30113,Frogner,Østensjø,6848,42741,12470.0,5.35,7.66,464000,539000,10143.696341158544
81,30105,30114,Frogner,Nordstrand,8486,42741,11179.0,5.35,11.83,464000,607000,8591.144045348414
82,30105,30115,Frogner,Søndre Nordstrand,4208,42741,6701.0,5.35,6.16,464000,539000,14393.678169309376
83,30105,30116,Frogner,Sentrum,14508,42741,77995.0,5.35,1.4,464000,335000,3268.304795878204
84,30105,30117,Frogner,Marka,711,42741,793.0,5.35,5.699999999999999,464000,625000,14412.998564938223
85,30106,30101,Ullern,Gamle Oslo,5644,19164,43121.0,7.1,4.75,648000,453000,7538.630678145991
86,30106,30102,Ullern,Grünerløkka,5510,19164,29560.0,7.1,3.65,648000,450000,7668.092225214394
87,30106,30103,Ullern,Sagene,3964,19164,19408.0,7.1,2.34,648000,461000,6661.661197871385
88,30106,30104,Ullern,St. Hanshaugen,5706,19164,54104.0,7.1,2.8,648000,430000,5680.342713904701
89,30106,30105,Ullern,Frogner,12633,19164,48082.0,7.1,5.35,648000,464000,2583.118128023521
90,30106,30106,Ullern,Ullern,26358,19164,38334.0,7.1,7.1,648000,648000,0.0
91,30106,30107,Ullern,Vestre Aker,8621,19164,13362.0,7.1,11.55,648000,688000,4157.07874156814
92,30106,30108,Ullern,Nordre Aker,6185,19164,42238.0,7.1,10.5,648000,578000,6930.446079447643
93,30106,30109,Ullern,Bjerke,2397,19164,22537.0,7.1,5.85,648000,490000,11009.843556010987
94,30106,30110,Ullern,Grorud,1431,19164,9297.0,7.1,4.37,648000,453000,15573.815705406227
95,30106,30111,Ullern,Stovner,1367,19164,9490.0,7.1,5.04,648000,489000,17053.158897660724
96,30106,30112,Ullern,Alna,3386,19164,31427.0,7.1,9.23,648000,477000,12934.382581503365
97,30106,30113,Ullern,Østensjø,3048,19164,12470.0,7.1,7.66,648000,539000,12487.261902386304
98,30106,30114,Ullern,Nordstrand,3539,19164,11179.0,7.1,11.83,648000,607000,11249.313662634668
99,30106,30115,Ullern,Søndre Nordstrand,1803,19164,6701.0,7.1,6.16,648000,539000,17051.847786595627
100,30106,30116,Ullern,Sentrum,3998,19164,77995.0,7.1,1.4,648000,335000,5926.4744131644575
101,30106,30117,Ullern,Marka,508,19164,793.0,7.1,5.699999999999999,648000,625000,14987.113271728405
102,30107,30101,Vestre Aker,Gamle Oslo,6307,27837,43121.0,11.55,4.75,688000,453000,9081.136063595923
103,30107,30102,Vestre Aker,Grünerløkka,6253,27837,29560.0,11.55,3.65,688000,450000,8322.715103578734
104,30107,30103,Vestre Aker,Sagene,4656,27837,19408.0,11.55,2.34,688000,461000,6588.167648021268
105,30107,30104,Vestre Aker,St. Hanshaugen,7633,27837,54104.0,11.55,2.8,688000,430000,6379.24655976538
106,30107,30105,Vestre Aker,Frogner,14686,27837,48082.0,11.55,5.35,688000,464000,5254.111517919711
107,30107,30106,Vestre Aker,Ullern,8634,27837,38334.0,11.55,7.1,688000,648000,4138.215947358329
108,30107,30107,Vestre Aker,Vestre Aker,41169,27837,13362.0,11.55,11.55,688000,688000,0.0
109,30107,30108,Vestre Aker,Nordre Aker,8673,27837,42238.0,11.55,10.5,688000,578000,5814.643757323524
110,30107,30109,Vestre Aker,Bjerke,2941,27837,22537.0,11.55,5.85,688000,490000,10803.032090854053
111,30107,30110,Vestre Aker,Grorud,1491,27837,9297.0,11.55,4.37,688000,453000,15367.004240249293
112,30107,30111,Vestre Aker,Stovner,1421,27837,9490.0,11.55,5.04,688000,489000,17013.606925016727
113,30107,30112,Vestre Aker,Alna,4254,27837,31427.0,11.55,9.23,688000,477000,13214.773751610517
114,30107,30113,Vestre Aker,Østensjø,3315,27837,12470.0,11.55,7.66,688000,539000,14029.767287836234
115,30107,30114,Vestre Aker,Nordstrand,3662,27837,11179.0,11.55,11.83,688000,607000,13181.248364298615
116,30107,30115,Vestre Aker,Søndre Nordstrand,2016,27837,6701.0,11.55,6.16,688000,539000,19225.226605282223
117,30107,30116,Vestre Aker,Sentrum,4681,27837,77995.0,11.55,1.4,688000,335000,8555.691368731888
118,30107,30117,Vestre Aker,Marka,1284,27837,793.0,11.55,5.699999999999999,688000,625000,13871.310949604289
119,30108,30101,Nordre Aker,Gamle Oslo,9597,31804,43121.0,10.5,4.75,578000,453000,5533.163597309787
120,30108,30102,Nordre Aker,Grünerløkka,11759,31804,29560.0,10.5,3.65,578000,450000,3692.4113394892024
121,30108,30103,Nordre Aker,Sagene,13792,31804,19408.0,10.5,2.34,578000,461000,1927.5610029732368
122,30108,30104,Nordre Aker,St. Hanshaugen,11762,31804,54104.0,10.5,2.8,578000,430000,3146.8502404182586
123,30108,30105,Nordre Aker,Frogner,14255,31804,48082.0,10.5,5.35,578000,464000,6338.850027181776
124,30108,30106,Nordre Aker,Ullern,6102,31804,38334.0,10.5,7.1,578000,648000,6944.333803328359
125,30108,30107,Nordre Aker,Vestre Aker,8739,31804,13362.0,10.5,11.55,578000,688000,5771.982335361885
126,30108,30108,Nordre Aker,Nordre Aker,45548,31804,42238.0,10.5,10.5,578000,578000,0.0
127,30108,30109,Nordre Aker,Bjerke,5834,31804,22537.0,10.5,5.85,578000,490000,5462.955888110144
128,30108,30110,Nordre Aker,Grorud,3396,31804,9297.0,10.5,4.37,578000,453000,10026.928037505386
129,30108,30111,Nordre Aker,Stovner,3027,31804,9490.0,10.5,5.04,578000,489000,11673.53072227282
130,30108,30112,Nordre Aker,Alna,6748,31804,31427.0,10.5,9.23,578000,477000,7874.697548866604
131,30108,30113,Nordre Aker,Østensjø,5661,31804,12470.0,10.5,7.66,578000,539000,9278.772478286974
132,30108,30114,Nordre Aker,Nordstrand,5566,31804,11179.0,10.5,11.83,578000,607000,10510.950188038312
133,30108,30115,Nordre Aker,Søndre Nordstrand,3025,31804,6701.0,10.5,6.16,578000,539000,16763.571063423275
134,30108,30116,Nordre Aker,Sentrum,6294,31804,77995.0,10.5,1.4,578000,335000,5795.0550089853905
135,30108,30117,Nordre Aker,Marka,1417,31804,793.0,10.5,5.699999999999999,578000,625000,8513.925356751284
136,30109,30101,Bjerke,Gamle Oslo,6242,20501,43121.0,5.85,4.75,490000,453000,4851.499565967582
137,30109,30102,Bjerke,Grünerløkka,7476,20501,29560.0,5.85,3.65,490000,450000,3506.7370089967176
138,30109,30103,Bjerke,Sagene,4685,20501,19408.0,5.85,2.34,490000,461000,4251.802098436639
139,30109,30104,Bjerke,St. Hanshaugen,4267,20501,54104.0,5.85,2.8,490000,430000,6117.3080450574835
140,30109,30105,Bjerke,Frogner,5197,20501,48082.0,5.85,5.35,490000,464000,8167.215233799408
141,30109,30106,Bjerke,Ullern,2412,20501,38334.0,5.85,7.1,490000,648000,10880.711749697526
142,30109,30107,Bjerke,Vestre Aker,2829,20501,13362.0,5.85,11.55,490000,688000,10712.829077629778
143,30109,30108,Bjerke,Nordre Aker,5961,20501,42238.0,5.85,10.5,490000,578000,5497.805791366676
144,30109,30109,Bjerke,Bjerke,22174,20501,22537.0,5.85,5.85,490000,490000,0.0
145,30109,30110,Bjerke,Grorud,3746,20501,9297.0,5.85,4.37,490000,453000,5720.587625217162
146,30109,30111,Bjerke,Stovner,3510,20501,9490.0,5.85,5.04,490000,489000,7184.740074671069
147,30109,30112,Bjerke,Alna,9080,20501,31427.0,5.85,9.23,490000,477000,5205.570612814606
148,30109,30113,Bjerke,Østensjø,4120,20501,12470.0,5.85,7.66,490000,539000,7087.619371894674
149,30109,30114,Bjerke,Nordstrand,3211,20501,11179.0,5.85,11.83,490000,607000,9728.353117764333
150,30109,30115,Bjerke,Søndre Nordstrand,2064,20501,6701.0,5.85,6.16,490000,539000,15368.0886210311
151,30109,30116,Bjerke,Sentrum,2896,20501,77995.0,5.85,1.4,490000,335000,6430.349395915237
152,30109,30117,Bjerke,Marka,441,20501,793.0,5.85,5.699999999999999,490000,625000,13692.606400887784
153,30110,30101,Grorud,Gamle Oslo,4085,17273,43121.0,4.37,4.75,453000,453000,8623.655710726907
154,30110,30102,Grorud,Grünerløkka,4055,17273,29560.0,4.37,3.65,453000,450000,7289.907373025375
155,30110,30103,Grorud,Sagene,2352,17273,19408.0,4.37,2.34,453000,461000,7230.42570426546
156,30110,30104,Grorud,St. Hanshaugen,2694,17273,54104.0,4.37,2.8,453000,430000,9095.931650886303
157,30110,30105,Grorud,Frogner,3488,17273,48082.0,4.37,5.35,453000,464000,12273.188723557883
158,30110,30106,Grorud,Ullern,1479,17273,38334.0,4.37,7.1,453000,648000,13859.335355526344
159,30110,30107,Grorud,Vestre Aker,1544,17273,13362.0,4.37,11.55,453000,688000,13691.452683458598
160,30110,30108,Grorud,Nordre Aker,3430,17273,42238.0,4.37,10.5,453000,578000,8476.429397195498
161,30110,30109,Grorud,Bjerke,3784,17273,22537.0,4.37,5.85,453000,490000,4260.071165674768
162,30110,30110,Grorud,Grorud,15334,17273,9297.0,4.37,4.37,453000,453000,0.0
163,30110,30111,Grorud,Stovner,4928,17273,9490.0,4.37,5.04,453000,489000,4333.686266681789
164,30110,30112,Grorud,Alna,6495,17273,31427.0,4.37,9.23,453000,477000,8814.734585845092
165,30110,30113,Grorud,Østensjø,2513,17273,12470.0,4.37,7.66,453000,539000,8809.312043613023
166,30110,30114,Grorud,Nordstrand,1777,17273,11179.0,4.37,11.83,453000,607000,11805.750393209606
167,30110,30115,Grorud,Søndre Nordstrand,1320,17273,6701.0,4.37,6.16,453000,539000,17353.542106626744
168,30110,30116,Grorud,Sentrum,2003,17273,77995.0,4.37,1.4,453000,335000,10107.626342046797
169,30110,30117,Grorud,Marka,252,17273,793.0,4.37,5.699999999999999,453000,625000,16671.2300067166
170,30111,30101,Stovner,Gamle Oslo,4175,19116,43121.0,5.04,4.75,489000,453000,10586.881448692908
171,30111,30102,Stovner,Grünerløkka,3744,19116,29560.0,5.04,3.65,489000,450000,9242.11889172204
172,30111,30103,Stovner,Sagene,1803,19116,19408.0,5.04,2.34,489000,461000,10239.51962852022
173,30111,30104,Stovner,St. Hanshaugen,2496,19116,54104.0,5.04,2.8,489000,430000,12105.025575141062
174,30111,30105,Stovner,Frogner,3264,19116,48082.0,5.04,5.35,489000,464000,13955.437619122506
175,30111,30106,Stovner,Ullern,1325,19116,38334.0,5.04,7.1,489000,648000,16868.429279781103
176,30111,30107,Stovner,Vestre Aker,1429,19116,13362.0,5.04,11.55,489000,688000,16700.546607713357
177,30111,30108,Stovner,Nordre Aker,3161,19116,42238.0,5.04,10.5,489000,578000,11485.523321450255
178,30111,30109,Stovner,Bjerke,3466,19116,22537.0,5.04,5.85,489000,490000,6709.052225627949
179,30111,30110,Stovner,Grorud,4796,19116,9297.0,5.04,4.37,489000,453000,3712.7163041628637
180,30111,30111,Stovner,Stovner,19358,19116,9490.0,5.04,5.04,489000,489000,0.0
181,30111,30112,Stovner,Alna,7001,19116,31427.0,5.04,9.23,489000,477000,10772.70074443706
182,30111,30113,Stovner,Østensjø,2457,19116,12470.0,5.04,7.66,489000,539000,10991.962179424692
183,30111,30114,Stovner,Nordstrand,1774,19116,11179.0,5.04,11.83,489000,607000,13988.400529021277
184,30111,30115,Stovner,Søndre Nordstrand,1321,19116,6701.0,5.04,6.16,489000,539000,19536.192242438407
185,30111,30116,Stovner,Sentrum,2088,19116,77995.0,5.04,1.4,489000,335000,12165.731278640567
186,30111,30117,Stovner,Marka,153,19116,793.0,5.04,5.699999999999999,489000,625000,19680.323930971357
187,30112,30101,Alna,Gamle Oslo,11422,30341,43121.0,9.23,4.75,477000,453000,6162.169629051199
188,30112,30102,Alna,Grünerløkka,9082,30341,29560.0,9.23,3.65,477000,450000,5900.396441537357
189,30112,30103,Alna,Sagene,5271,30341,19408.0,9.23,2.34,477000,461000,7381.031137485456
190,30112,30104,Alna,St. Hanshaugen,5869,30341,54104.0,9.23,2.8,477000,430000,8750.776785544916
191,30112,30105,Alna,Frogner,7587,30341,48082.0,9.23,5.35,477000,464000,10048.405792950687
192,30112,30106,Alna,Ullern,3485,30341,38334.0,9.23,7.1,477000,648000,13451.294209522308
193,30112,30107,Alna,Vestre Aker,4345,30341,13362.0,9.23,11.55,477000,688000,13842.058116678594
194,30112,30108,Alna,Nordre Aker,6978,30341,42238.0,9.23,10.5,477000,578000,8627.034830415494
195,30112,30109,Alna,Bjerke,9254,30341,22537.0,9.23,5.85,477000,490000,4363.448409157616
196,30112,30110,Alna,Grorud,6432,30341,9297.0,9.23,4.37,477000,453000,5366.0398964570795
197,30112,30111,Alna,Stovner,7398,30341,9490.0,9.23,5.04,477000,489000,6093.400621247872
198,30112,30112,Alna,Alna,41430,30341,31427.0,9.23,9.23,477000,477000,0.0
199,30112,30113,Alna,Østensjø,10491,30341,12470.0,9.23,7.66,477000,539000,5339.9616252740225
200,30112,30114,Alna,Nordstrand,6306,30341,11179.0,9.23,11.83,477000,607000,9187.049789492246
201,30112,30115,Alna,Søndre Nordstrand,4550,30341,6701.0,9.23,6.16,477000,539000,13884.191688287745
202,30112,30116,Alna,Sentrum,4407,30341,77995.0,9.23,1.4,477000,335000,7852.706895811375
203,30112,30117,Alna,Marka,601,30341,793.0,9.23,5.699999999999999,477000,625000,16821.835439936596
204,30113,30101,Østensjø,Gamle Oslo,9918,30474,43121.0,7.66,4.75,539000,453000,5298.810242808733
205,30113,30102,Østensjø,Grünerløkka,6616,30474,29560.0,7.66,3.65,539000,450000,5739.309457199447
206,30113,30103,Østensjø,Sagene,3809,30474,19408.0,7.66,2.34,539000,461000,7682.7065212751295
207,30113,30104,Østensjø,St. Hanshaugen,5705,30474,54104.0,7.66,2.8,539000,430000,8589.689801207005
208,30113,30105,Østensjø,Frogner,6983,30474,48082.0,7.66,5.35,539000,464000,8210.104530633964
209,30113,30106,Østensjø,Ullern,3173,30474,38334.0,7.66,7.1,539000,648000,12587.934823279842
210,30113,30107,Østensjø,Vestre Aker,3216,30474,13362.0,7.66,11.55,539000,688000,14089.553530858646
211,30113,30108,Østensjø,Nordre Aker,5873,30474,42238.0,7.66,10.5,539000,578000,9246.791507761034
212,30113,30109,Østensjø,Bjerke,4172,30474,22537.0,7.66,5.85,539000,490000,6875.590209250571
213,30113,30110,Østensjø,Grorud,2543,30474,9297.0,7.66,4.37,539000,453000,10373.860829488074
214,30113,30111,Østensjø,Stovner,2246,30474,9490.0,7.66,5.04,539000,489000,11101.22155427886
215,30113,30112,Østensjø,Alna,10194,30474,31427.0,7.66,9.23,539000,477000,7318.668630063553
216,30113,30113,Østensjø,Østensjø,36238,30474,12470.0,7.66,7.66,539000,539000,0.0
217,30113,30114,Østensjø,Nordstrand,10248,30474,11179.0,7.66,11.83,539000,607000,3847.088164218221
218,30113,30115,Østensjø,Søndre Nordstrand,5826,30474,6701.0,7.66,6.16,539000,539000,8544.23006301372
219,30113,30116,Østensjø,Sentrum,4326,30474,77995.0,7.66,1.4,539000,335000,6989.347509568909
220,30113,30117,Østensjø,Marka,427,30474,793.0,7.66,5.699999999999999,539000,625000,17441.592117282136
221,30114,30101,Nordstrand,Gamle Oslo,9361,30471,43121.0,11.83,4.75,607000,453000,5547.74419253047
222,30114,30102,Nordstrand,Grünerløkka,6351,30471,29560.0,11.83,3.65,607000,450000,7332.81293689462
223,30114,30103,Nordstrand,Sagene,3643,30471,19408.0,11.83,2.34,607000,461000,8654.556418226486
224,30114,30104,Nordstrand,St. Hanshaugen,5962,30471,54104.0,11.83,2.8,607000,430000,8528.379772529472
225,30114,30105,Nordstrand,Frogner,8715,30471,48082.0,11.83,5.35,607000,464000,9324.858796258239
226,30114,30106,Nordstrand,Ullern,3656,30471,38334.0,11.83,7.1,607000,648000,9029.777763851038
227,30114,30107,Nordstrand,Vestre Aker,3632,30471,13362.0,11.83,11.55,607000,688000,13204.262242109036
228,30114,30108,Nordstrand,Nordre Aker,5814,30471,42238.0,11.83,10.5,607000,578000,10348.827705908012
229,30114,30109,Nordstrand,Bjerke,3368,30471,22537.0,11.83,5.85,607000,490000,9666.618678170633
230,30114,30110,Nordstrand,Grorud,1861,30471,9297.0,11.83,4.37,607000,453000,13600.076537236824
231,30114,30111,Nordstrand,Stovner,1852,30471,9490.0,11.83,5.04,607000,489000,14327.437262027604
232,30114,30112,Nordstrand,Alna,6215,30471,31427.0,11.83,9.23,607000,477000,10109.697098983614
233,30114,30113,Nordstrand,Østensjø,10161,30471,12470.0,11.83,7.66,607000,539000,3856.5869821195274
234,30114,30114,Nordstrand,Nordstrand,41953,30471,11179.0,11.83,11.83,607000,607000,0.0
235,30114,30115,Nordstrand,Søndre Nordstrand,8781,30471,6701.0,11.83,6.16,607000,539000,6448.212437264256
236,30114,30116,Nordstrand,Sentrum,4968,30471,77995.0,11.83,1.4,607000,335000,5744.091039045937
237,30114,30117,Nordstrand,Marka,213,30471,793.0,11.83,5.699999999999999,607000,625000,18624.879401336162
238,30115,30101,Søndre Nordstrand,Gamle Oslo,5652,23438,43121.0,6.16,4.75,539000,453000,11762.597643446326
239,30115,30102,Søndre Nordstrand,Grünerløkka,3876,23438,29560.0,6.16,3.65,539000,450000,13644.911152631446
240,30115,30103,Søndre Nordstrand,Sagene,1863,23438,19408.0,6.16,2.34,539000,461000,14966.654633963313
241,30115,30104,Søndre Nordstrand,St. Hanshaugen,3541,23438,54104.0,6.16,2.8,539000,430000,14606.1046028818
242,30115,30105,Søndre Nordstrand,Frogner,4421,23438,48082.0,6.16,5.35,539000,464000,11064.582876695413
243,30115,30106,Søndre Nordstrand,Ullern,1808,23438,38334.0,6.16,7.1,539000,648000,17048.404236492068
244,30115,30107,Søndre Nordstrand,Vestre Aker,1905,23438,13362.0,6.16,11.55,539000,688000,19281.98707246135
245,30115,30108,Søndre Nordstrand,Nordre Aker,2989,23438,42238.0,6.16,10.5,539000,578000,16660.925921644837
246,30115,30109,Søndre Nordstrand,Bjerke,2097,23438,22537.0,6.16,5.85,539000,490000,15100.323178496783
247,30115,30110,Søndre Nordstrand,Grorud,1293,23438,9297.0,6.16,4.37,539000,453000,18681.644128866523
248,30115,30111,Søndre Nordstrand,Stovner,1335,23438,9490.0,6.16,5.04,539000,489000,19409.00485365731
249,30115,30112,Søndre Nordstrand,Alna,4596,23438,31427.0,6.16,9.23,539000,477000,15543.401599309762
250,30115,30113,Søndre Nordstrand,Østensjø,5853,23438,12470.0,6.16,7.66,539000,539000,8307.783299378447
251,30115,30114,Søndre Nordstrand,Nordstrand,8494,23438,11179.0,6.16,11.83,539000,607000,6444.17268677909
252,30115,30115,Søndre Nordstrand,Søndre Nordstrand,22139,23438,6701.0,6.16,6.16,539000,539000,0.0
253,30115,30116,Søndre Nordstrand,Sentrum,2988,23438,77995.0,6.16,1.4,539000,335000,11603.62014724266
254,30115,30117,Søndre Nordstrand,Marka,171,23438,793.0,6.16,5.699999999999999,539000,625000,24936.977617072982
255,30116,30101,Sentrum,Gamle Oslo,11109,1264,43121.0,1.4,4.75,335000,453000,2196.0210564489316
256,30116,30102,Sentrum,Grünerløkka,9569,1264,29560.0,1.4,3.65,335000,450000,2993.179072183307
257,30116,30103,Sentrum,Sagene,5475,1264,19408.0,1.4,2.34,335000,461000,4314.922553515174
258,30116,30104,Sentrum,St. Hanshaugen,11452,1264,54104.0,1.4,2.8,335000,430000,3965.859813042666
259,30116,30105,Sentrum,Frogner,13480,1264,48082.0,1.4,5.35,335000,464000,2751.375872424393
260,30116,30106,Sentrum,Ullern,3552,1264,38334.0,1.4,7.1,335000,648000,5963.341559716156
261,30116,30107,Sentrum,Vestre Aker,4488,1264,13362.0,1.4,11.55,335000,688000,8641.74228262223
262,30116,30108,Sentrum,Nordre Aker,5524,1264,42238.0,1.4,10.5,335000,578000,6009.193841196701
263,30116,30109,Sentrum,Bjerke,2874,1264,22537.0,1.4,5.85,335000,490000,6495.904862888602
264,30116,30110,Sentrum,Grorud,2000,1264,9297.0,1.4,4.37,335000,453000,11599.149321782059
265,30116,30111,Sentrum,Stovner,2213,1264,9490.0,1.4,5.04,335000,489000,12319.581858699741
266,30116,30112,Sentrum,Alna,4364,1264,31427.0,1.4,9.23,335000,477000,7380.526629654887
267,30116,30113,Sentrum,Østensjø,4448,1264,12470.0,1.4,7.66,335000,539000,6933.4059505378245
268,30116,30114,Sentrum,Nordstrand,5172,1264,11179.0,1.4,11.83,335000,607000,5752.466538303741
269,30116,30115,Sentrum,Søndre Nordstrand,3323,1264,6701.0,1.4,6.16,335000,539000,11870.657229617389
270,30116,30116,Sentrum,Sentrum,25783,1264,77995.0,1.4,1.4,335000,335000,0.0
271,30116,30117,Sentrum,Marka,291,1264,793.0,1.4,5.699999999999999,335000,625000,14285.245536624858
272,30117,30101,Marka,Gamle Oslo,340,1035,43121.0,5.699999999999999,4.75,625000,453000,13814.866621640713
273,30117,30102,Marka,Grünerløkka,661,1035,29560.0,5.699999999999999,3.65,625000,450000,11974.114363820128
274,30117,30103,Marka,Sagene,616,1035,19408.0,5.699999999999999,2.34,625000,461000,10209.264027304162
275,30117,30104,Marka,St. Hanshaugen,518,1035,54104.0,5.699999999999999,2.8,625000,430000,11484.906236922101
276,30117,30105,Marka,Frogner,657,1035,48082.0,5.699999999999999,5.35,625000,464000,11910.554042001106
277,30117,30106,Marka,Ullern,508,1035,38334.0,5.699999999999999,7.1,625000,648000,14965.82096590823
278,30117,30107,Marka,Vestre Aker,1278,1035,13362.0,5.699999999999999,11.55,625000,688000,13793.469497941756
279,30117,30108,Marka,Nordre Aker,1474,1035,42238.0,5.699999999999999,10.5,625000,578000,8519.576685654052
280,30117,30109,Marka,Bjerke,421,1035,22537.0,5.699999999999999,5.85,625000,490000,13663.677283749541
281,30117,30110,Marka,Grorud,240,1035,9297.0,5.699999999999999,4.37,625000,453000,18227.649433144787
282,30117,30111,Marka,Stovner,138,1035,9490.0,5.699999999999999,5.04,625000,489000,19874.25211791222
283,30117,30112,Marka,Alna,521,1035,31427.0,5.699999999999999,9.23,625000,477000,16075.418944506004
284,30117,30113,Marka,Østensjø,403,1035,12470.0,5.699999999999999,7.66,625000,539000,17479.493873926385
285,30117,30114,Marka,Nordstrand,187,1035,11179.0,5.699999999999999,11.83,625000,607000,18792.653212369234
286,30117,30115,Marka,Søndre Nordstrand,123,1035,6701.0,5.699999999999999,6.16,625000,539000,25045.27408775419
287,30117,30116,Marka,Sentrum,252,1035,77995.0,5.699999999999999,1.4,625000,335000,14076.758033316315
288,30117,30117,Marka,Marka,1492,1035,793.0,5.699999999999999,5.699999999999999,625000,625000,0.0
