Unnamed: 0,OrigCode,DestCode,Origin,Destination,Trips,Dist,Persons 2011_x,OriPop19,DestEmp19,Ourban,Durban,Inc19_x,region,Inc19_y,lon-origin,lat-origin,lon-dist,lat-dist
0,30101.0,30101.0,Gamle Oslo,Gamle Oslo,54156,0.0,32642,41736,43121.0,4.75,4.75,453000,30101,453000,10.73476733965368,59.8992367,10.73476733965368,59.8992367
1,30102.0,30101.0,Grünerløkka Oslo,Gamle Oslo,18715,3770.7946983631055,36931,47824,43121.0,3.65,4.75,450000,30101,453000,10.777421166334747,59.92547125,10.73476733965368,59.8992367
2,30103.0,30101.0,Sagene Oslo,Gamle Oslo,9690,4797.635233691764,27199,33852,43121.0,2.34,4.75,461000,30101,453000,10.765848812662396,59.93827295,10.73476733965368,59.8992367
3,30104.0,30101.0,St. Hanshaugen Oslo,Gamle Oslo,12727,3558.663471974345,26137,29966,43121.0,2.8,4.75,430000,30101,453000,10.738958251649304,59.9279499,10.73476733965368,59.8992367
4,30105.0,30101.0,Frogner Oslo,Gamle Oslo,14509,3071.7740726346165,37858,42741,43121.0,5.35,4.75,464000,30101,453000,10.7066491,59.9222241,10.73476733965368,59.8992367
5,30106.0,30101.0,Ullern Oslo,Gamle Oslo,5644,5495.850695310252,18359,19164,43121.0,7.1,4.75,648000,30101,453000,10.665131833047553,59.9258182,10.73476733965368,59.8992367
6,30107.0,30101.0,Vestre Aker Oslo,Gamle Oslo,6307,7545.016450331841,26115,27837,43121.0,11.55,4.75,688000,30101,453000,10.6703187408315,59.95830005,10.73476733965368,59.8992367
7,30108.0,30101.0,Nordre Aker Oslo,Gamle Oslo,9597,6484.167307040564,29692,31804,43121.0,10.5,4.75,578000,30101,453000,10.756412356654582,59.95363815,10.73476733965368,59.8992367
8,30109.0,30101.0,Bjerke Oslo,Gamle Oslo,6242,6602.882898503762,17453,20501,43121.0,5.85,4.75,490000,30101,453000,10.829208453029786,59.941394700000004,10.73476733965368,59.8992367
9,30110.0,30101.0,Grorud Oslo,Gamle Oslo,4085,10747.08857420078,15957,17273,43121.0,4.37,4.75,453000,30101,453000,10.8805488,59.9614243,10.73476733965368,59.8992367
10,30111.0,30101.0,Stovner Oslo,Gamle Oslo,4175,12068.280088365109,17580,19116,43121.0,5.04,4.75,489000,30101,453000,10.9228232,59.9621403,10.73476733965368,59.8992367
11,30112.0,30101.0,Alna Oslo,Gamle Oslo,11422,7880.688402444352,29231,30341,43121.0,9.23,4.75,477000,30101,453000,10.8352756,59.9324168,10.73476733965368,59.8992367
12,30113.0,30101.0,Østensjø Oslo,Gamle Oslo,9918,5228.021365983831,27005,30474,43121.0,7.66,4.75,539000,30101,453000,10.83274792453087,59.8875633,10.73476733965368,59.8992367
13,30114.0,30101.0,Nordstrand Oslo,Gamle Oslo,9361,3628.121381184239,27713,30471,43121.0,11.83,4.75,607000,30101,453000,10.7861425,59.8645605,10.73476733965368,59.8992367
14,30115.0,30101.0,Søndre Nordstrand Oslo,Gamle Oslo,5652,8344.190139337936,21953,23438,43121.0,6.16,4.75,539000,30101,453000,10.798495515727911,59.83594385,10.73476733965368,59.8992367
15,30116.0,30101.0,Sentrum Oslo,Gamle Oslo,11109,1380.585824670632,825,1264,43121.0,1.4,4.75,335000,30101,453000,10.7531379,59.9110251,10.73476733965368,59.8992367
16,30117.0,30101.0,Marka Oslo,Gamle Oslo,340,13191.893903590484,1014,1035,43121.0,5.699999999999999,4.75,625000,30101,453000,10.671005191490298,60.040261650000005,10.73476733965368,59.8992367
17,30101.0,30102.0,Gamle Oslo,Grünerløkka Oslo,18469,3770.7946983631055,32642,41736,29560.0,4.75,3.65,453000,30102,450000,10.73476733965368,59.8992367,10.777421166334747,59.92547125
18,30102.0,30102.0,Grünerløkka Oslo,Grünerløkka Oslo,57167,0.0,36931,47824,29560.0,3.65,3.65,450000,30102,450000,10.777421166334747,59.92547125,10.777421166334747,59.92547125
19,30103.0,30102.0,Sagene Oslo,Grünerløkka Oslo,15379,1629.54121405631,27199,33852,29560.0,2.34,3.65,461000,30102,450000,10.765848812662396,59.93827295,10.777421166334747,59.92547125
20,30104.0,30102.0,St. Hanshaugen Oslo,Grünerløkka Oslo,15837,2180.73896272236,26137,29966,29560.0,2.8,3.65,430000,30102,450000,10.738958251649304,59.9279499,10.777421166334747,59.92547125
21,30105.0,30102.0,Frogner Oslo,Grünerløkka Oslo,14859,5199.688886209394,37858,42741,29560.0,5.35,3.65,464000,30102,450000,10.7066491,59.9222241,10.777421166334747,59.92547125
22,30106.0,30102.0,Ullern Oslo,Grünerløkka Oslo,5510,6440.396647702842,18359,19164,29560.0,7.1,3.65,648000,30102,450000,10.665131833047553,59.9258182,10.777421166334747,59.92547125
23,30107.0,30102.0,Vestre Aker Oslo,Grünerløkka Oslo,6253,6871.279206132806,26115,27837,29560.0,11.55,3.65,688000,30102,450000,10.6703187408315,59.95830005,10.777421166334747,59.92547125
24,30108.0,30102.0,Nordre Aker Oslo,Grünerløkka Oslo,11759,3449.3747982508226,29692,31804,29560.0,10.5,3.65,578000,30102,450000,10.756412356654582,59.95363815,10.777421166334747,59.92547125
25,30109.0,30102.0,Bjerke Oslo,Grünerløkka Oslo,7476,2997.6179759296283,17453,20501,29560.0,5.85,3.65,490000,30102,450000,10.829208453029786,59.941394700000004,10.777421166334747,59.92547125
26,30110.0,30102.0,Grorud Oslo,Grünerløkka Oslo,4055,7159.142176442664,15957,17273,29560.0,4.37,3.65,453000,30102,450000,10.8805488,59.9614243,10.777421166334747,59.92547125
27,30111.0,30102.0,Stovner Oslo,Grünerløkka Oslo,3744,8757.24585569651,17580,19116,29560.0,5.04,3.65,489000,30102,450000,10.9228232,59.9621403,10.777421166334747,59.92547125
28,30112.0,30102.0,Alna Oslo,Grünerløkka Oslo,9082,4935.876495534908,29231,30341,29560.0,9.23,3.65,477000,30102,450000,10.8352756,59.9324168,10.777421166334747,59.92547125
29,30113.0,30102.0,Østensjø Oslo,Grünerløkka Oslo,6616,4934.923286770902,27005,30474,29560.0,7.66,3.65,539000,30102,450000,10.83274792453087,59.8875633,10.777421166334747,59.92547125
30,30114.0,30102.0,Nordstrand Oslo,Grünerløkka Oslo,6351,6095.001400873534,27713,30471,29560.0,11.83,3.65,607000,30102,450000,10.7861425,59.8645605,10.777421166334747,59.92547125
31,30115.0,30102.0,Søndre Nordstrand Oslo,Grünerløkka Oslo,3876,10453.468868571292,21953,23438,29560.0,6.16,3.65,539000,30102,450000,10.798495515727911,59.83594385,10.777421166334747,59.92547125
32,30116.0,30102.0,Sentrum Oslo,Grünerløkka Oslo,9569,2752.2890698242704,825,1264,29560.0,1.4,3.65,335000,30102,450000,10.7531379,59.9110251,10.777421166334747,59.92547125
33,30117.0,30102.0,Marka Oslo,Grünerløkka Oslo,661,10546.749789837548,1014,1035,29560.0,5.699999999999999,3.65,625000,30102,450000,10.671005191490298,60.040261650000005,10.777421166334747,59.92547125
34,30101.0,30103.0,Gamle Oslo,Sagene Oslo,9668,4797.635233691764,32642,41736,19408.0,4.75,2.34,453000,30103,461000,10.73476733965368,59.8992367,10.765848812662396,59.93827295
35,30102.0,30103.0,Grünerløkka Oslo,Sagene Oslo,15488,1629.54121405631,36931,47824,19408.0,3.65,2.34,450000,30103,461000,10.777421166334747,59.92547125,10.765848812662396,59.93827295
36,30103.0,30103.0,Sagene Oslo,Sagene Oslo,31938,0.0,27199,33852,19408.0,2.34,2.34,461000,30103,461000,10.765848812662396,59.93827295,10.765848812662396,59.93827295
37,30104.0,30103.0,St. Hanshaugen Oslo,Sagene Oslo,11780,1757.772627457885,26137,29966,19408.0,2.8,2.34,430000,30103,461000,10.738958251649304,59.9279499,10.765848812662396,59.93827295
38,30105.0,30103.0,Frogner Oslo,Sagene Oslo,10579,5290.364324910145,37858,42741,19408.0,5.35,2.34,464000,30103,461000,10.7066491,59.9222241,10.765848812662396,59.93827295
39,30106.0,30103.0,Ullern Oslo,Sagene Oslo,3964,5845.2628769707735,18359,19164,19408.0,7.1,2.34,648000,30103,461000,10.665131833047553,59.9258182,10.765848812662396,59.93827295
40,30107.0,30103.0,Vestre Aker Oslo,Sagene Oslo,4656,5614.37114950775,26115,27837,19408.0,11.55,2.34,688000,30103,461000,10.6703187408315,59.95830005,10.765848812662396,59.93827295
41,30108.0,30103.0,Nordre Aker Oslo,Sagene Oslo,13792,1847.9199063811584,29692,31804,19408.0,10.5,2.34,578000,30103,461000,10.756412356654582,59.95363815,10.765848812662396,59.93827295
42,30109.0,30103.0,Bjerke Oslo,Sagene Oslo,4685,3299.5815639882235,17453,20501,19408.0,5.85,2.34,490000,30103,461000,10.829208453029786,59.941394700000004,10.765848812662396,59.93827295
43,30110.0,30103.0,Grorud Oslo,Sagene Oslo,2352,7120.518507927994,15957,17273,19408.0,4.37,2.34,453000,30103,461000,10.8805488,59.9614243,10.765848812662396,59.93827295
44,30111.0,30103.0,Stovner Oslo,Sagene Oslo,1803,9019.619434569107,17580,19116,19408.0,5.04,2.34,489000,30103,461000,10.9228232,59.9621403,10.765848812662396,59.93827295
45,30112.0,30103.0,Alna Oslo,Sagene Oslo,5271,5721.43347228219,29231,30341,19408.0,9.23,2.34,477000,30103,461000,10.8352756,59.9324168,10.765848812662396,59.93827295
46,30113.0,30103.0,Østensjø Oslo,Sagene Oslo,3809,6535.7677510270105,27005,30474,19408.0,7.66,2.34,539000,30103,461000,10.83274792453087,59.8875633,10.765848812662396,59.93827295
47,30114.0,30103.0,Nordstrand Oslo,Sagene Oslo,3643,7591.027461879707,27713,30471,19408.0,11.83,2.34,607000,30103,461000,10.7861425,59.8645605,10.765848812662396,59.93827295
48,30115.0,30103.0,Søndre Nordstrand Oslo,Sagene Oslo,1863,12046.205107875505,21953,23438,19408.0,6.16,2.34,539000,30103,461000,10.798495515727911,59.83594385,10.765848812662396,59.93827295
49,30116.0,30103.0,Sentrum Oslo,Sagene Oslo,5475,3507.511950398989,825,1264,19408.0,1.4,2.34,335000,30103,461000,10.7531379,59.9110251,10.765848812662396,59.93827295
50,30117.0,30103.0,Marka Oslo,Sagene Oslo,616,8934.335989167954,1014,1035,19408.0,5.699999999999999,2.34,625000,30103,461000,10.671005191490298,60.040261650000005,10.765848812662396,59.93827295
51,30101.0,30104.0,Gamle Oslo,St. Hanshaugen Oslo,12592,3558.663471974345,32642,41736,54104.0,4.75,2.8,453000,30104,430000,10.73476733965368,59.8992367,10.738958251649304,59.9279499
52,30102.0,30104.0,Grünerløkka Oslo,St. Hanshaugen Oslo,15743,2180.73896272236,36931,47824,54104.0,3.65,2.8,450000,30104,430000,10.777421166334747,59.92547125,10.738958251649304,59.9279499
53,30103.0,30104.0,Sagene Oslo,St. Hanshaugen Oslo,11580,1757.772627457885,27199,33852,54104.0,2.34,2.8,461000,30104,430000,10.765848812662396,59.93827295,10.738958251649304,59.9279499
54,30104.0,30104.0,St. Hanshaugen Oslo,St. Hanshaugen Oslo,35436,0.0,26137,29966,54104.0,2.8,2.8,430000,30104,430000,10.738958251649304,59.9279499,10.738958251649304,59.9279499
55,30105.0,30104.0,Frogner Oslo,St. Hanshaugen Oslo,18712,3534.405557535422,37858,42741,54104.0,5.35,2.8,464000,30104,430000,10.7066491,59.9222241,10.738958251649304,59.9279499
56,30106.0,30104.0,Ullern Oslo,St. Hanshaugen Oslo,5706,4300.922129547601,18359,19164,54104.0,7.1,2.8,648000,30104,430000,10.665131833047553,59.9258182,10.738958251649304,59.9279499
57,30107.0,30104.0,Vestre Aker Oslo,St. Hanshaugen Oslo,7633,4837.3520028695175,26115,27837,54104.0,11.55,2.8,688000,30104,430000,10.6703187408315,59.95830005,10.738958251649304,59.9279499
58,30108.0,30104.0,Nordre Aker Oslo,St. Hanshaugen Oslo,11762,3033.765887599915,29692,31804,54104.0,10.5,2.8,578000,30104,430000,10.756412356654582,59.95363815,10.738958251649304,59.9279499
59,30109.0,30104.0,Bjerke Oslo,St. Hanshaugen Oslo,4267,4845.289393013286,17453,20501,54104.0,5.85,2.8,490000,30104,430000,10.829208453029786,59.941394700000004,10.738958251649304,59.9279499
60,30110.0,30104.0,Grorud Oslo,St. Hanshaugen Oslo,2694,8829.169483177735,15957,17273,54104.0,4.37,2.8,453000,30104,430000,10.8805488,59.9614243,10.738958251649304,59.9279499
61,30111.0,30104.0,Stovner Oslo,St. Hanshaugen Oslo,2496,10645.561898769338,17580,19116,54104.0,5.04,2.8,489000,30104,430000,10.9228232,59.9621403,10.738958251649304,59.9279499
62,30112.0,30104.0,Alna Oslo,St. Hanshaugen Oslo,5869,7053.067139211728,29231,30341,54104.0,9.23,2.8,477000,30104,430000,10.8352756,59.9324168,10.738958251649304,59.9279499
63,30113.0,30104.0,Østensjø Oslo,St. Hanshaugen Oslo,5705,6750.022853833005,27005,30474,54104.0,7.66,2.8,539000,30104,430000,10.83274792453087,59.8875633,10.738958251649304,59.9279499
64,30114.0,30104.0,Nordstrand Oslo,St. Hanshaugen Oslo,5962,6861.271351958168,27713,30471,54104.0,11.83,2.8,607000,30104,430000,10.7861425,59.8645605,10.738958251649304,59.9279499
65,30115.0,30104.0,Søndre Nordstrand Oslo,St. Hanshaugen Oslo,3541,11524.667846715078,21953,23438,54104.0,6.16,2.8,539000,30104,430000,10.798495515727911,59.83594385,10.738958251649304,59.9279499
66,30116.0,30104.0,Sentrum Oslo,St. Hanshaugen Oslo,11452,2178.116006620834,825,1264,54104.0,1.4,2.8,335000,30104,430000,10.7531379,59.9110251,10.738958251649304,59.9279499
67,30117.0,30104.0,Marka Oslo,St. Hanshaugen Oslo,518,9650.40985410208,1014,1035,54104.0,5.699999999999999,2.8,625000,30104,430000,10.671005191490298,60.040261650000005,10.738958251649304,59.9279499
68,30101.0,30105.0,Gamle Oslo,Frogner Oslo,14549,3071.7740726346165,32642,41736,48082.0,4.75,5.35,453000,30105,464000,10.73476733965368,59.8992367,10.7066491,59.9222241
69,30102.0,30105.0,Grünerløkka Oslo,Frogner Oslo,14880,5199.688886209394,36931,47824,48082.0,3.65,5.35,450000,30105,464000,10.777421166334747,59.92547125,10.7066491,59.9222241
70,30103.0,30105.0,Sagene Oslo,Frogner Oslo,10563,5290.364324910145,27199,33852,48082.0,2.34,5.35,461000,30105,464000,10.765848812662396,59.93827295,10.7066491,59.9222241
71,30104.0,30105.0,St. Hanshaugen Oslo,Frogner Oslo,18561,3534.405557535422,26137,29966,48082.0,2.8,5.35,430000,30105,464000,10.738958251649304,59.9279499,10.7066491,59.9222241
72,30105.0,30105.0,Frogner Oslo,Frogner Oslo,65838,0.0,37858,42741,48082.0,5.35,5.35,464000,30105,464000,10.7066491,59.9222241,10.7066491,59.9222241
73,30106.0,30105.0,Ullern Oslo,Frogner Oslo,12633,2583.118128023521,18359,19164,48082.0,7.1,5.35,648000,30105,464000,10.665131833047553,59.9258182,10.7066491,59.9222241
74,30107.0,30105.0,Vestre Aker Oslo,Frogner Oslo,14686,5254.111517919711,26115,27837,48082.0,11.55,5.35,688000,30105,464000,10.6703187408315,59.95830005,10.7066491,59.9222241
75,30108.0,30105.0,Nordre Aker Oslo,Frogner Oslo,14255,6338.850027181776,29692,31804,48082.0,10.5,5.35,578000,30105,464000,10.756412356654582,59.95363815,10.7066491,59.9222241
76,30109.0,30105.0,Bjerke Oslo,Frogner Oslo,5197,8167.215233799408,17453,20501,48082.0,5.85,5.35,490000,30105,464000,10.829208453029786,59.941394700000004,10.7066491,59.9222241
77,30110.0,30105.0,Grorud Oslo,Frogner Oslo,3488,12273.188723557883,15957,17273,48082.0,4.37,5.35,453000,30105,464000,10.8805488,59.9614243,10.7066491,59.9222241
78,30111.0,30105.0,Stovner Oslo,Frogner Oslo,3264,13955.437619122506,17580,19116,48082.0,5.04,5.35,489000,30105,464000,10.9228232,59.9621403,10.7066491,59.9222241
79,30112.0,30105.0,Alna Oslo,Frogner Oslo,7587,10048.405792950687,29231,30341,48082.0,9.23,5.35,477000,30105,464000,10.8352756,59.9324168,10.7066491,59.9222241
80,30113.0,30105.0,Østensjø Oslo,Frogner Oslo,6983,8210.104530633964,27005,30474,48082.0,7.66,5.35,539000,30105,464000,10.83274792453087,59.8875633,10.7066491,59.9222241
81,30114.0,30105.0,Nordstrand Oslo,Frogner Oslo,8715,6483.483948672486,27713,30471,48082.0,11.83,5.35,607000,30105,464000,10.7861425,59.8645605,10.7066491,59.9222241
82,30115.0,30105.0,Søndre Nordstrand Oslo,Frogner Oslo,4421,11064.582876695413,21953,23438,48082.0,6.16,5.35,539000,30105,464000,10.798495515727911,59.83594385,10.7066491,59.9222241
83,30116.0,30105.0,Sentrum Oslo,Frogner Oslo,13480,2751.375872424393,825,1264,48082.0,1.4,5.35,335000,30105,464000,10.7531379,59.9110251,10.7066491,59.9222241
84,30117.0,30105.0,Marka Oslo,Frogner Oslo,657,11910.554042001106,1014,1035,48082.0,5.699999999999999,5.35,625000,30105,464000,10.671005191490298,60.040261650000005,10.7066491,59.9222241
85,30101.0,30106.0,Gamle Oslo,Ullern Oslo,5653,5495.850695310252,32642,41736,38334.0,4.75,7.1,453000,30106,648000,10.73476733965368,59.8992367,10.665131833047553,59.9258182
86,30102.0,30106.0,Grünerløkka Oslo,Ullern Oslo,5328,6440.396647702842,36931,47824,38334.0,3.65,7.1,450000,30106,648000,10.777421166334747,59.92547125,10.665131833047553,59.9258182
87,30103.0,30106.0,Sagene Oslo,Ullern Oslo,4047,5845.2628769707735,27199,33852,38334.0,2.34,7.1,461000,30106,648000,10.765848812662396,59.93827295,10.665131833047553,59.9258182
88,30104.0,30106.0,St. Hanshaugen Oslo,Ullern Oslo,5378,4300.922129547601,26137,29966,38334.0,2.8,7.1,430000,30106,648000,10.738958251649304,59.9279499,10.665131833047553,59.9258182
89,30105.0,30106.0,Frogner Oslo,Ullern Oslo,12645,2583.118128023521,37858,42741,38334.0,5.35,7.1,464000,30106,648000,10.7066491,59.9222241,10.665131833047553,59.9258182
90,30106.0,30106.0,Ullern Oslo,Ullern Oslo,26358,0.0,18359,19164,38334.0,7.1,7.1,648000,30106,648000,10.665131833047553,59.9258182,10.665131833047553,59.9258182
91,30107.0,30106.0,Vestre Aker Oslo,Ullern Oslo,8634,3098.8418027851576,26115,27837,38334.0,11.55,7.1,688000,30106,648000,10.6703187408315,59.95830005,10.665131833047553,59.9258182
92,30108.0,30106.0,Nordre Aker Oslo,Ullern Oslo,6102,6144.399138746236,29692,31804,38334.0,10.5,7.1,578000,30106,648000,10.756412356654582,59.95363815,10.665131833047553,59.9258182
93,30109.0,30106.0,Bjerke Oslo,Ullern Oslo,2412,9106.542465768924,17453,20501,38334.0,5.85,7.1,490000,30106,648000,10.829208453029786,59.941394700000004,10.665131833047553,59.9258182
94,30110.0,30106.0,Grorud Oslo,Ullern Oslo,1479,12926.67369477657,15957,17273,38334.0,4.37,7.1,453000,30106,648000,10.8805488,59.9614243,10.665131833047553,59.9258182
95,30111.0,30106.0,Stovner Oslo,Ullern Oslo,1325,14864.8426285369,17580,19116,38334.0,5.04,7.1,489000,30106,648000,10.9228232,59.9621403,10.665131833047553,59.9258182
96,30112.0,30106.0,Alna Oslo,Ullern Oslo,3485,11352.125077371757,29231,30341,38334.0,9.23,7.1,477000,30106,648000,10.8352756,59.9324168,10.665131833047553,59.9258182
97,30113.0,30106.0,Østensjø Oslo,Ullern Oslo,3173,10360.281180261103,27005,30474,38334.0,7.66,7.1,539000,30106,648000,10.83274792453087,59.8875633,10.665131833047553,59.9258182
98,30114.0,30106.0,Nordstrand Oslo,Ullern Oslo,3656,9029.777763851038,27713,30471,38334.0,11.83,7.1,607000,30106,648000,10.7861425,59.8645605,10.665131833047553,59.9258182
99,30115.0,30106.0,Søndre Nordstrand Oslo,Ullern Oslo,1808,13643.498820826146,21953,23438,38334.0,6.16,7.1,539000,30106,648000,10.798495515727911,59.83594385,10.665131833047553,59.9258182
100,30116.0,30106.0,Sentrum Oslo,Ullern Oslo,3552,4752.553670612214,825,1264,38334.0,1.4,7.1,335000,30106,648000,10.7531379,59.9110251,10.665131833047553,59.9258182
101,30117.0,30106.0,Marka Oslo,Ullern Oslo,508,10231.75676145214,1014,1035,38334.0,5.699999999999999,7.1,625000,30106,648000,10.671005191490298,60.040261650000005,10.665131833047553,59.9258182
102,30101.0,30107.0,Gamle Oslo,Vestre Aker Oslo,6155,7545.016450331841,32642,41736,13362.0,4.75,11.55,453000,30107,688000,10.73476733965368,59.8992367,10.6703187408315,59.95830005
103,30102.0,30107.0,Grünerløkka Oslo,Vestre Aker Oslo,6017,6871.279206132806,36931,47824,13362.0,3.65,11.55,450000,30107,688000,10.777421166334747,59.92547125,10.6703187408315,59.95830005
104,30103.0,30107.0,Sagene Oslo,Vestre Aker Oslo,4572,5614.37114950775,27199,33852,13362.0,2.34,11.55,461000,30107,688000,10.765848812662396,59.93827295,10.6703187408315,59.95830005
105,30104.0,30107.0,St. Hanshaugen Oslo,Vestre Aker Oslo,7374,4837.3520028695175,26137,29966,13362.0,2.8,11.55,430000,30107,688000,10.738958251649304,59.9279499,10.6703187408315,59.95830005
106,30105.0,30107.0,Frogner Oslo,Vestre Aker Oslo,14795,5254.111517919711,37858,42741,13362.0,5.35,11.55,464000,30107,688000,10.7066491,59.9222241,10.6703187408315,59.95830005
107,30106.0,30107.0,Ullern Oslo,Vestre Aker Oslo,8621,3098.8418027851576,18359,19164,13362.0,7.1,11.55,648000,30107,688000,10.665131833047553,59.9258182,10.6703187408315,59.95830005
108,30107.0,30107.0,Vestre Aker Oslo,Vestre Aker Oslo,41169,0.0,26115,27837,13362.0,11.55,11.55,688000,30107,688000,10.6703187408315,59.95830005,10.6703187408315,59.95830005
109,30108.0,30107.0,Nordre Aker Oslo,Vestre Aker Oslo,8739,4929.395293312996,29692,31804,13362.0,10.5,11.55,578000,30107,688000,10.756412356654582,59.95363815,10.6703187408315,59.95830005
110,30109.0,30107.0,Bjerke Oslo,Vestre Aker Oslo,2829,8783.026806691258,17453,20501,13362.0,5.85,11.55,490000,30107,688000,10.829208453029786,59.941394700000004,10.6703187408315,59.95830005
111,30110.0,30107.0,Grorud Oslo,Vestre Aker Oslo,1544,11968.924685760752,15957,17273,13362.0,4.37,11.55,453000,30107,688000,10.8805488,59.9614243,10.6703187408315,59.95830005
112,30111.0,30107.0,Stovner Oslo,Vestre Aker Oslo,1429,14130.324163958829,17580,19116,13362.0,5.04,11.55,489000,30107,688000,10.9228232,59.9621403,10.6703187408315,59.95830005
113,30112.0,30107.0,Alna Oslo,Vestre Aker Oslo,4345,11299.39755791996,29231,30341,13362.0,9.23,11.55,477000,30107,688000,10.8352756,59.9324168,10.6703187408315,59.95830005
114,30113.0,30107.0,Østensjø Oslo,Vestre Aker Oslo,3216,11584.194360725754,27005,30474,13362.0,7.66,11.55,539000,30107,688000,10.83274792453087,59.8875633,10.6703187408315,59.95830005
115,30114.0,30107.0,Nordstrand Oslo,Vestre Aker Oslo,3632,11167.292520022482,27713,30471,13362.0,11.83,11.55,607000,30107,688000,10.7861425,59.8645605,10.6703187408315,59.95830005
116,30115.0,30107.0,Søndre Nordstrand Oslo,Vestre Aker Oslo,1905,15888.559681370112,21953,23438,13362.0,6.16,11.55,539000,30107,688000,10.798495515727911,59.83594385,10.6703187408315,59.95830005
117,30116.0,30107.0,Sentrum Oslo,Vestre Aker Oslo,4488,6391.529767090363,825,1264,13362.0,1.4,11.55,335000,30107,688000,10.7531379,59.9110251,10.6703187408315,59.95830005
118,30117.0,30107.0,Marka Oslo,Vestre Aker Oslo,1278,7197.6325136266205,1014,1035,13362.0,5.699999999999999,11.55,625000,30107,688000,10.671005191490298,60.040261650000005,10.6703187408315,59.95830005
119,30101.0,30108.0,Gamle Oslo,Nordre Aker Oslo,9544,6484.167307040564,32642,41736,42238.0,4.75,10.5,453000,30108,578000,10.73476733965368,59.8992367,10.756412356654582,59.95363815
120,30102.0,30108.0,Grünerløkka Oslo,Nordre Aker Oslo,11666,3449.3747982508226,36931,47824,42238.0,3.65,10.5,450000,30108,578000,10.777421166334747,59.92547125,10.756412356654582,59.95363815
121,30103.0,30108.0,Sagene Oslo,Nordre Aker Oslo,13830,1847.9199063811584,27199,33852,42238.0,2.34,10.5,461000,30108,578000,10.765848812662396,59.93827295,10.756412356654582,59.95363815
122,30104.0,30108.0,St. Hanshaugen Oslo,Nordre Aker Oslo,11459,3033.765887599915,26137,29966,42238.0,2.8,10.5,430000,30108,578000,10.738958251649304,59.9279499,10.756412356654582,59.95363815
123,30105.0,30108.0,Frogner Oslo,Nordre Aker Oslo,13840,6338.850027181776,37858,42741,42238.0,5.35,10.5,464000,30108,578000,10.7066491,59.9222241,10.756412356654582,59.95363815
124,30106.0,30108.0,Ullern Oslo,Nordre Aker Oslo,6185,6144.399138746236,18359,19164,42238.0,7.1,10.5,648000,30108,578000,10.665131833047553,59.9258182,10.756412356654582,59.95363815
125,30107.0,30108.0,Vestre Aker Oslo,Nordre Aker Oslo,8673,4929.395293312996,26115,27837,42238.0,11.55,10.5,688000,30108,578000,10.6703187408315,59.95830005,10.756412356654582,59.95363815
126,30108.0,30108.0,Nordre Aker Oslo,Nordre Aker Oslo,45548,0.0,29692,31804,42238.0,10.5,10.5,578000,30108,578000,10.756412356654582,59.95363815,10.756412356654582,59.95363815
127,30109.0,30108.0,Bjerke Oslo,Nordre Aker Oslo,5961,4064.2229103550976,17453,20501,42238.0,5.85,10.5,490000,30108,578000,10.829208453029786,59.941394700000004,10.756412356654582,59.95363815
128,30110.0,30108.0,Grorud Oslo,Nordre Aker Oslo,3430,7058.17509408515,15957,17273,42238.0,4.37,10.5,453000,30108,578000,10.8805488,59.9614243,10.756412356654582,59.95363815
129,30111.0,30108.0,Stovner Oslo,Nordre Aker Oslo,3161,9201.142975691888,17580,19116,42238.0,5.04,10.5,489000,30108,578000,10.9228232,59.9621403,10.756412356654582,59.95363815
130,30112.0,30108.0,Alna Oslo,Nordre Aker Oslo,6978,6629.613427979267,29231,30341,42238.0,9.23,10.5,477000,30108,578000,10.8352756,59.9324168,10.756412356654582,59.95363815
131,30113.0,30108.0,Østensjø Oslo,Nordre Aker Oslo,5873,8258.790445657829,27005,30474,42238.0,7.66,10.5,539000,30108,578000,10.83274792453087,59.8875633,10.756412356654582,59.95363815
132,30114.0,30108.0,Nordstrand Oslo,Nordre Aker Oslo,5814,9430.307862874572,27713,30471,42238.0,11.83,10.5,607000,30108,578000,10.7861425,59.8645605,10.756412356654582,59.95363815
133,30115.0,30108.0,Søndre Nordstrand Oslo,Nordre Aker Oslo,2989,13891.547341286596,21953,23438,42238.0,6.16,10.5,539000,30108,578000,10.798495515727911,59.83594385,10.756412356654582,59.95363815
134,30116.0,30108.0,Sentrum Oslo,Nordre Aker Oslo,5524,5129.769344757534,825,1264,42238.0,1.4,10.5,335000,30108,578000,10.7531379,59.9110251,10.756412356654582,59.95363815
135,30117.0,30108.0,Marka Oslo,Nordre Aker Oslo,1474,7097.385254584116,1014,1035,42238.0,5.699999999999999,10.5,625000,30108,578000,10.671005191490298,60.040261650000005,10.756412356654582,59.95363815
136,30101.0,30109.0,Gamle Oslo,Bjerke Oslo,6256,6602.882898503762,32642,41736,22537.0,4.75,5.85,453000,30109,490000,10.73476733965368,59.8992367,10.829208453029786,59.941394700000004
137,30102.0,30109.0,Grünerløkka Oslo,Bjerke Oslo,7503,2997.6179759296283,36931,47824,22537.0,3.65,5.85,450000,30109,490000,10.777421166334747,59.92547125,10.829208453029786,59.941394700000004
138,30103.0,30109.0,Sagene Oslo,Bjerke Oslo,4755,3299.5815639882235,27199,33852,22537.0,2.34,5.85,461000,30109,490000,10.765848812662396,59.93827295,10.829208453029786,59.941394700000004
139,30104.0,30109.0,St. Hanshaugen Oslo,Bjerke Oslo,4259,4845.289393013286,26137,29966,22537.0,2.8,5.85,430000,30109,490000,10.738958251649304,59.9279499,10.829208453029786,59.941394700000004
140,30105.0,30109.0,Frogner Oslo,Bjerke Oslo,5101,8167.215233799408,37858,42741,22537.0,5.35,5.85,464000,30109,490000,10.7066491,59.9222241,10.829208453029786,59.941394700000004
141,30106.0,30109.0,Ullern Oslo,Bjerke Oslo,2397,9106.542465768924,18359,19164,22537.0,7.1,5.85,648000,30109,490000,10.665131833047553,59.9258182,10.829208453029786,59.941394700000004
142,30107.0,30109.0,Vestre Aker Oslo,Bjerke Oslo,2941,8783.026806691258,26115,27837,22537.0,11.55,5.85,688000,30109,490000,10.6703187408315,59.95830005,10.829208453029786,59.941394700000004
143,30108.0,30109.0,Nordre Aker Oslo,Bjerke Oslo,5834,4064.2229103550976,29692,31804,22537.0,10.5,5.85,578000,30109,490000,10.756412356654582,59.95363815,10.829208453029786,59.941394700000004
144,30109.0,30109.0,Bjerke Oslo,Bjerke Oslo,22174,0.0,17453,20501,22537.0,5.85,5.85,490000,30109,490000,10.829208453029786,59.941394700000004,10.829208453029786,59.941394700000004
145,30110.0,30109.0,Grorud Oslo,Bjerke Oslo,3784,4170.991807296369,15957,17273,22537.0,4.37,5.85,453000,30109,490000,10.8805488,59.9614243,10.829208453029786,59.941394700000004
146,30111.0,30109.0,Stovner Oslo,Bjerke Oslo,3466,5809.029778646138,17580,19116,22537.0,5.04,5.85,489000,30109,490000,10.9228232,59.9621403,10.829208453029786,59.941394700000004
147,30112.0,30109.0,Alna Oslo,Bjerke Oslo,9254,2565.598243204416,29231,30341,22537.0,9.23,5.85,477000,30109,490000,10.8352756,59.9324168,10.829208453029786,59.941394700000004
148,30113.0,30109.0,Østensjø Oslo,Bjerke Oslo,4172,5406.332100740009,27005,30474,22537.0,7.66,5.85,539000,30109,490000,10.83274792453087,59.8875633,10.829208453029786,59.941394700000004
149,30114.0,30109.0,Nordstrand Oslo,Bjerke Oslo,3368,8047.610903094178,27713,30471,22537.0,11.83,5.85,607000,30109,490000,10.7861425,59.8645605,10.829208453029786,59.941394700000004
150,30115.0,30109.0,Søndre Nordstrand Oslo,Bjerke Oslo,2097,11710.869812067416,21953,23438,22537.0,6.16,5.85,539000,30109,490000,10.798495515727911,59.83594385,10.829208453029786,59.941394700000004
151,30116.0,30109.0,Sentrum Oslo,Bjerke Oslo,2874,5732.485285725952,825,1264,22537.0,1.4,5.85,335000,30109,490000,10.7531379,59.9110251,10.829208453029786,59.941394700000004
152,30117.0,30109.0,Marka Oslo,Bjerke Oslo,421,10343.788796055882,1014,1035,22537.0,5.699999999999999,5.85,625000,30109,490000,10.671005191490298,60.040261650000005,10.829208453029786,59.941394700000004
153,30101.0,30110.0,Gamle Oslo,Grorud Oslo,4021,10747.08857420078,32642,41736,9297.0,4.75,4.37,453000,30110,453000,10.73476733965368,59.8992367,10.8805488,59.9614243
154,30102.0,30110.0,Grünerløkka Oslo,Grorud Oslo,3918,7159.142176442664,36931,47824,9297.0,3.65,4.37,450000,30110,453000,10.777421166334747,59.92547125,10.8805488,59.9614243
155,30103.0,30110.0,Sagene Oslo,Grorud Oslo,2484,7120.518507927994,27199,33852,9297.0,2.34,4.37,461000,30110,453000,10.765848812662396,59.93827295,10.8805488,59.9614243
156,30104.0,30110.0,St. Hanshaugen Oslo,Grorud Oslo,2641,8829.169483177735,26137,29966,9297.0,2.8,4.37,430000,30110,453000,10.738958251649304,59.9279499,10.8805488,59.9614243
157,30105.0,30110.0,Frogner Oslo,Grorud Oslo,3352,12273.188723557883,37858,42741,9297.0,5.35,4.37,464000,30110,453000,10.7066491,59.9222241,10.8805488,59.9614243
158,30106.0,30110.0,Ullern Oslo,Grorud Oslo,1431,12926.67369477657,18359,19164,9297.0,7.1,4.37,648000,30110,453000,10.665131833047553,59.9258182,10.8805488,59.9614243
159,30107.0,30110.0,Vestre Aker Oslo,Grorud Oslo,1491,11968.924685760752,26115,27837,9297.0,11.55,4.37,688000,30110,453000,10.6703187408315,59.95830005,10.8805488,59.9614243
160,30108.0,30110.0,Nordre Aker Oslo,Grorud Oslo,3396,7058.17509408515,29692,31804,9297.0,10.5,4.37,578000,30110,453000,10.756412356654582,59.95363815,10.8805488,59.9614243
161,30109.0,30110.0,Bjerke Oslo,Grorud Oslo,3746,4170.991807296369,17453,20501,9297.0,5.85,4.37,490000,30110,453000,10.829208453029786,59.941394700000004,10.8805488,59.9614243
162,30110.0,30110.0,Grorud Oslo,Grorud Oslo,15334,0.0,15957,17273,9297.0,4.37,4.37,453000,30110,453000,10.8805488,59.9614243,10.8805488,59.9614243
163,30111.0,30110.0,Stovner Oslo,Grorud Oslo,4796,2294.556136522622,17580,19116,9297.0,5.04,4.37,489000,30110,453000,10.9228232,59.9621403,10.8805488,59.9614243
164,30112.0,30110.0,Alna Oslo,Grorud Oslo,6432,3692.527665275063,29231,30341,9297.0,9.23,4.37,477000,30110,453000,10.8352756,59.9324168,10.8805488,59.9614243
165,30113.0,30110.0,Østensjø Oslo,Grorud Oslo,2543,8369.457452170478,27005,30474,9297.0,7.66,4.37,539000,30110,453000,10.83274792453087,59.8875633,10.8805488,59.9614243
166,30114.0,30110.0,Nordstrand Oslo,Grorud Oslo,1861,11720.166758418904,27713,30471,9297.0,11.83,4.37,607000,30110,453000,10.7861425,59.8645605,10.8805488,59.9614243
167,30115.0,30110.0,Søndre Nordstrand Oslo,Grorud Oslo,1293,14635.37488511974,21953,23438,9297.0,6.16,4.37,539000,30110,453000,10.798495515727911,59.83594385,10.8805488,59.9614243
168,30116.0,30110.0,Sentrum Oslo,Grorud Oslo,2000,9902.41920207938,825,1264,9297.0,1.4,4.37,335000,30110,453000,10.7531379,59.9110251,10.8805488,59.9614243
169,30117.0,30110.0,Marka Oslo,Grorud Oslo,240,11045.791228696464,1014,1035,9297.0,5.699999999999999,4.37,625000,30110,453000,10.671005191490298,60.040261650000005,10.8805488,59.9614243
170,30101.0,30111.0,Gamle Oslo,Stovner Oslo,4182,12068.280088365109,32642,41736,9490.0,4.75,5.04,453000,30111,489000,10.73476733965368,59.8992367,10.9228232,59.9621403
171,30102.0,30111.0,Grünerløkka Oslo,Stovner Oslo,3956,8757.24585569651,36931,47824,9490.0,3.65,5.04,450000,30111,489000,10.777421166334747,59.92547125,10.9228232,59.9621403
172,30103.0,30111.0,Sagene Oslo,Stovner Oslo,1978,9019.619434569107,27199,33852,9490.0,2.34,5.04,461000,30111,489000,10.765848812662396,59.93827295,10.9228232,59.9621403
173,30104.0,30111.0,St. Hanshaugen Oslo,Stovner Oslo,2443,10645.561898769338,26137,29966,9490.0,2.8,5.04,430000,30111,489000,10.738958251649304,59.9279499,10.9228232,59.9621403
174,30105.0,30111.0,Frogner Oslo,Stovner Oslo,3225,13955.437619122506,37858,42741,9490.0,5.35,5.04,464000,30111,489000,10.7066491,59.9222241,10.9228232,59.9621403
175,30106.0,30111.0,Ullern Oslo,Stovner Oslo,1367,14864.8426285369,18359,19164,9490.0,7.1,5.04,648000,30111,489000,10.665131833047553,59.9258182,10.9228232,59.9621403
176,30107.0,30111.0,Vestre Aker Oslo,Stovner Oslo,1421,14130.324163958829,26115,27837,9490.0,11.55,5.04,688000,30111,489000,10.6703187408315,59.95830005,10.9228232,59.9621403
177,30108.0,30111.0,Nordre Aker Oslo,Stovner Oslo,3027,9201.142975691888,29692,31804,9490.0,10.5,5.04,578000,30111,489000,10.756412356654582,59.95363815,10.9228232,59.9621403
178,30109.0,30111.0,Bjerke Oslo,Stovner Oslo,3510,5809.029778646138,17453,20501,9490.0,5.85,5.04,490000,30111,489000,10.829208453029786,59.941394700000004,10.9228232,59.9621403
179,30110.0,30111.0,Grorud Oslo,Stovner Oslo,4928,2294.556136522622,15957,17273,9490.0,4.37,5.04,453000,30111,489000,10.8805488,59.9614243,10.9228232,59.9621403
180,30111.0,30111.0,Stovner Oslo,Stovner Oslo,19358,0.0,17580,19116,9490.0,5.04,5.04,489000,30111,489000,10.9228232,59.9621403,10.9228232,59.9621403
181,30112.0,30111.0,Alna Oslo,Stovner Oslo,7398,4275.94623954438,29231,30341,9490.0,9.23,5.04,477000,30111,489000,10.8352756,59.9324168,10.9228232,59.9621403
182,30113.0,30111.0,Østensjø Oslo,Stovner Oslo,2246,8750.38840231024,27005,30474,9490.0,7.66,5.04,539000,30111,489000,10.83274792453087,59.8875633,10.9228232,59.9621403
183,30114.0,30111.0,Nordstrand Oslo,Stovner Oslo,1852,12415.96044666521,27713,30471,9490.0,11.83,5.04,607000,30111,489000,10.7861425,59.8645605,10.9228232,59.9621403
184,30115.0,30111.0,Søndre Nordstrand Oslo,Stovner Oslo,1335,14657.48656651034,21953,23438,9490.0,6.16,5.04,539000,30111,489000,10.798495515727911,59.83594385,10.9228232,59.9621403
185,30116.0,30111.0,Sentrum Oslo,Stovner Oslo,2213,11413.388525406195,825,1264,9490.0,1.4,5.04,335000,30111,489000,10.7531379,59.9110251,10.9228232,59.9621403
186,30117.0,30111.0,Marka Oslo,Stovner Oslo,138,13277.294432511277,1014,1035,9490.0,5.699999999999999,5.04,625000,30111,489000,10.671005191490298,60.040261650000005,10.9228232,59.9621403
187,30101.0,30112.0,Gamle Oslo,Alna Oslo,11523,7880.688402444352,32642,41736,31427.0,4.75,9.23,453000,30112,477000,10.73476733965368,59.8992367,10.8352756,59.9324168
188,30102.0,30112.0,Grünerløkka Oslo,Alna Oslo,8985,4935.876495534908,36931,47824,31427.0,3.65,9.23,450000,30112,477000,10.777421166334747,59.92547125,10.8352756,59.9324168
189,30103.0,30112.0,Sagene Oslo,Alna Oslo,5384,5721.43347228219,27199,33852,31427.0,2.34,9.23,461000,30112,477000,10.765848812662396,59.93827295,10.8352756,59.9324168
190,30104.0,30112.0,St. Hanshaugen Oslo,Alna Oslo,5946,7053.067139211728,26137,29966,31427.0,2.8,9.23,430000,30112,477000,10.738958251649304,59.9279499,10.8352756,59.9324168
191,30105.0,30112.0,Frogner Oslo,Alna Oslo,7528,10048.405792950687,37858,42741,31427.0,5.35,9.23,464000,30112,477000,10.7066491,59.9222241,10.8352756,59.9324168
192,30106.0,30112.0,Ullern Oslo,Alna Oslo,3386,11352.125077371757,18359,19164,31427.0,7.1,9.23,648000,30112,477000,10.665131833047553,59.9258182,10.8352756,59.9324168
193,30107.0,30112.0,Vestre Aker Oslo,Alna Oslo,4254,11299.39755791996,26115,27837,31427.0,11.55,9.23,688000,30112,477000,10.6703187408315,59.95830005,10.8352756,59.9324168
194,30108.0,30112.0,Nordre Aker Oslo,Alna Oslo,6748,6629.613427979267,29692,31804,31427.0,10.5,9.23,578000,30112,477000,10.756412356654582,59.95363815,10.8352756,59.9324168
195,30109.0,30112.0,Bjerke Oslo,Alna Oslo,9080,2565.598243204416,17453,20501,31427.0,5.85,9.23,490000,30112,477000,10.829208453029786,59.941394700000004,10.8352756,59.9324168
196,30110.0,30112.0,Grorud Oslo,Alna Oslo,6495,3692.527665275063,15957,17273,31427.0,4.37,9.23,453000,30112,477000,10.8805488,59.9614243,10.8352756,59.9324168
197,30111.0,30112.0,Stovner Oslo,Alna Oslo,7001,4275.94623954438,17580,19116,31427.0,5.04,9.23,489000,30112,477000,10.9228232,59.9621403,10.8352756,59.9324168
198,30112.0,30112.0,Alna Oslo,Alna Oslo,41430,0.0,29231,30341,31427.0,9.23,9.23,477000,30112,477000,10.8352756,59.9324168,10.8352756,59.9324168
199,30113.0,30112.0,Østensjø Oslo,Alna Oslo,10194,4692.664326018157,27005,30474,31427.0,7.66,9.23,539000,30112,477000,10.83274792453087,59.8875633,10.8352756,59.9324168
200,30114.0,30112.0,Nordstrand Oslo,Alna Oslo,6215,8196.65154323134,27713,30471,31427.0,11.83,9.23,607000,30112,477000,10.7861425,59.8645605,10.8352756,59.9324168
201,30115.0,30112.0,Søndre Nordstrand Oslo,Alna Oslo,4596,10945.445100732364,21953,23438,31427.0,6.16,9.23,539000,30112,477000,10.798495515727911,59.83594385,10.8352756,59.9324168
202,30116.0,30112.0,Sentrum Oslo,Alna Oslo,4364,7376.794093982499,825,1264,31427.0,1.4,9.23,335000,30112,477000,10.7531379,59.9110251,10.8352756,59.9324168
203,30117.0,30112.0,Marka Oslo,Alna Oslo,521,12621.993107480615,1014,1035,31427.0,5.699999999999999,9.23,625000,30112,477000,10.671005191490298,60.040261650000005,10.8352756,59.9324168
204,30101.0,30113.0,Gamle Oslo,Østensjø Oslo,9885,5228.021365983831,32642,41736,12470.0,4.75,7.66,453000,30113,539000,10.73476733965368,59.8992367,10.83274792453087,59.8875633
205,30102.0,30113.0,Grünerløkka Oslo,Østensjø Oslo,6438,4934.923286770902,36931,47824,12470.0,3.65,7.66,450000,30113,539000,10.777421166334747,59.92547125,10.83274792453087,59.8875633
206,30103.0,30113.0,Sagene Oslo,Østensjø Oslo,3673,6535.7677510270105,27199,33852,12470.0,2.34,7.66,461000,30113,539000,10.765848812662396,59.93827295,10.83274792453087,59.8875633
207,30104.0,30113.0,St. Hanshaugen Oslo,Østensjø Oslo,5519,6750.022853833005,26137,29966,12470.0,2.8,7.66,430000,30113,539000,10.738958251649304,59.9279499,10.83274792453087,59.8875633
208,30105.0,30113.0,Frogner Oslo,Østensjø Oslo,6848,8210.104530633964,37858,42741,12470.0,5.35,7.66,464000,30113,539000,10.7066491,59.9222241,10.83274792453087,59.8875633
209,30106.0,30113.0,Ullern Oslo,Østensjø Oslo,3048,10360.281180261103,18359,19164,12470.0,7.1,7.66,648000,30113,539000,10.665131833047553,59.9258182,10.83274792453087,59.8875633
210,30107.0,30113.0,Vestre Aker Oslo,Østensjø Oslo,3315,11584.194360725754,26115,27837,12470.0,11.55,7.66,688000,30113,539000,10.6703187408315,59.95830005,10.83274792453087,59.8875633
211,30108.0,30113.0,Nordre Aker Oslo,Østensjø Oslo,5661,8258.790445657829,29692,31804,12470.0,10.5,7.66,578000,30113,539000,10.756412356654582,59.95363815,10.83274792453087,59.8875633
212,30109.0,30113.0,Bjerke Oslo,Østensjø Oslo,4120,5406.332100740009,17453,20501,12470.0,5.85,7.66,490000,30113,539000,10.829208453029786,59.941394700000004,10.83274792453087,59.8875633
213,30110.0,30113.0,Grorud Oslo,Østensjø Oslo,2513,8369.457452170478,15957,17273,12470.0,4.37,7.66,453000,30113,539000,10.8805488,59.9614243,10.83274792453087,59.8875633
214,30111.0,30113.0,Stovner Oslo,Østensjø Oslo,2457,8750.38840231024,17580,19116,12470.0,5.04,7.66,489000,30113,539000,10.9228232,59.9621403,10.83274792453087,59.8875633
215,30112.0,30113.0,Alna Oslo,Østensjø Oslo,10491,4692.664326018157,29231,30341,12470.0,9.23,7.66,477000,30113,539000,10.8352756,59.9324168,10.83274792453087,59.8875633
216,30113.0,30113.0,Østensjø Oslo,Østensjø Oslo,36238,0.0,27005,30474,12470.0,7.66,7.66,539000,30113,539000,10.83274792453087,59.8875633,10.83274792453087,59.8875633
217,30114.0,30113.0,Nordstrand Oslo,Østensjø Oslo,10161,3809.721986946,27713,30471,12470.0,11.83,7.66,607000,30113,539000,10.7861425,59.8645605,10.83274792453087,59.8875633
218,30115.0,30113.0,Søndre Nordstrand Oslo,Østensjø Oslo,5853,6365.774367957424,21953,23438,12470.0,6.16,7.66,539000,30113,539000,10.798495515727911,59.83594385,10.83274792453087,59.8875633
219,30116.0,30113.0,Sentrum Oslo,Østensjø Oslo,4448,5610.78964021059,825,1264,12470.0,1.4,7.66,335000,30113,539000,10.7531379,59.9110251,10.83274792453087,59.8875633
220,30117.0,30113.0,Marka Oslo,Østensjø Oslo,403,15276.356293005569,1014,1035,12470.0,5.699999999999999,7.66,625000,30113,539000,10.671005191490298,60.040261650000005,10.83274792453087,59.8875633
221,30101.0,30114.0,Gamle Oslo,Nordstrand Oslo,9447,3628.121381184239,32642,41736,11179.0,4.75,11.83,453000,30114,607000,10.73476733965368,59.8992367,10.7861425,59.8645605
222,30102.0,30114.0,Grünerløkka Oslo,Nordstrand Oslo,6551,6095.001400873534,36931,47824,11179.0,3.65,11.83,450000,30114,607000,10.777421166334747,59.92547125,10.7861425,59.8645605
223,30103.0,30114.0,Sagene Oslo,Nordstrand Oslo,3724,7591.027461879707,27199,33852,11179.0,2.34,11.83,461000,30114,607000,10.765848812662396,59.93827295,10.7861425,59.8645605
224,30104.0,30114.0,St. Hanshaugen Oslo,Nordstrand Oslo,5896,6861.271351958168,26137,29966,11179.0,2.8,11.83,430000,30114,607000,10.738958251649304,59.9279499,10.7861425,59.8645605
225,30105.0,30114.0,Frogner Oslo,Nordstrand Oslo,8486,6483.483948672486,37858,42741,11179.0,5.35,11.83,464000,30114,607000,10.7066491,59.9222241,10.7861425,59.8645605
226,30106.0,30114.0,Ullern Oslo,Nordstrand Oslo,3539,9029.777763851038,18359,19164,11179.0,7.1,11.83,648000,30114,607000,10.665131833047553,59.9258182,10.7861425,59.8645605
227,30107.0,30114.0,Vestre Aker Oslo,Nordstrand Oslo,3662,11167.292520022482,26115,27837,11179.0,11.55,11.83,688000,30114,607000,10.6703187408315,59.95830005,10.7861425,59.8645605
228,30108.0,30114.0,Nordre Aker Oslo,Nordstrand Oslo,5566,9430.307862874572,29692,31804,11179.0,10.5,11.83,578000,30114,607000,10.756412356654582,59.95363815,10.7861425,59.8645605
229,30109.0,30114.0,Bjerke Oslo,Nordstrand Oslo,3211,8047.610903094178,17453,20501,11179.0,5.85,11.83,490000,30114,607000,10.829208453029786,59.941394700000004,10.7861425,59.8645605
230,30110.0,30114.0,Grorud Oslo,Nordstrand Oslo,1777,11720.166758418904,15957,17273,11179.0,4.37,11.83,453000,30114,607000,10.8805488,59.9614243,10.7861425,59.8645605
231,30111.0,30114.0,Stovner Oslo,Nordstrand Oslo,1774,12415.96044666521,17580,19116,11179.0,5.04,11.83,489000,30114,607000,10.9228232,59.9621403,10.7861425,59.8645605
232,30112.0,30114.0,Alna Oslo,Nordstrand Oslo,6306,8196.65154323134,29231,30341,11179.0,9.23,11.83,477000,30114,607000,10.8352756,59.9324168,10.7861425,59.8645605
233,30113.0,30114.0,Østensjø Oslo,Nordstrand Oslo,10248,3809.721986946,27005,30474,11179.0,7.66,11.83,539000,30114,607000,10.83274792453087,59.8875633,10.7861425,59.8645605
234,30114.0,30114.0,Nordstrand Oslo,Nordstrand Oslo,41953,0.0,27713,30471,11179.0,11.83,11.83,607000,30114,607000,10.7861425,59.8645605,10.7861425,59.8645605
235,30115.0,30114.0,Søndre Nordstrand Oslo,Nordstrand Oslo,8494,4724.411647476559,21953,23438,11179.0,6.16,11.83,539000,30114,607000,10.798495515727911,59.83594385,10.7861425,59.8645605
236,30116.0,30114.0,Sentrum Oslo,Nordstrand Oslo,5172,4831.787332122614,825,1264,11179.0,1.4,11.83,335000,30114,607000,10.7531379,59.9110251,10.7861425,59.8645605
237,30117.0,30114.0,Marka Oslo,Nordstrand Oslo,187,16439.230350634418,1014,1035,11179.0,5.699999999999999,11.83,625000,30114,607000,10.671005191490298,60.040261650000005,10.7861425,59.8645605
238,30101.0,30115.0,Gamle Oslo,Søndre Nordstrand Oslo,5692,8344.190139337936,32642,41736,6701.0,4.75,6.16,453000,30115,539000,10.73476733965368,59.8992367,10.798495515727911,59.83594385
239,30102.0,30115.0,Grünerløkka Oslo,Søndre Nordstrand Oslo,3847,10453.468868571292,36931,47824,6701.0,3.65,6.16,450000,30115,539000,10.777421166334747,59.92547125,10.798495515727911,59.83594385
240,30103.0,30115.0,Sagene Oslo,Søndre Nordstrand Oslo,1800,12046.205107875505,27199,33852,6701.0,2.34,6.16,461000,30115,539000,10.765848812662396,59.93827295,10.798495515727911,59.83594385
241,30104.0,30115.0,St. Hanshaugen Oslo,Søndre Nordstrand Oslo,3562,11524.667846715078,26137,29966,6701.0,2.8,6.16,430000,30115,539000,10.738958251649304,59.9279499,10.798495515727911,59.83594385
242,30105.0,30115.0,Frogner Oslo,Søndre Nordstrand Oslo,4208,11064.582876695413,37858,42741,6701.0,5.35,6.16,464000,30115,539000,10.7066491,59.9222241,10.798495515727911,59.83594385
243,30106.0,30115.0,Ullern Oslo,Søndre Nordstrand Oslo,1803,13643.498820826146,18359,19164,6701.0,7.1,6.16,648000,30115,539000,10.665131833047553,59.9258182,10.798495515727911,59.83594385
244,30107.0,30115.0,Vestre Aker Oslo,Søndre Nordstrand Oslo,2016,15888.559681370112,26115,27837,6701.0,11.55,6.16,688000,30115,539000,10.6703187408315,59.95830005,10.798495515727911,59.83594385
245,30108.0,30115.0,Nordre Aker Oslo,Søndre Nordstrand Oslo,3025,13891.547341286596,29692,31804,6701.0,10.5,6.16,578000,30115,539000,10.756412356654582,59.95363815,10.798495515727911,59.83594385
246,30109.0,30115.0,Bjerke Oslo,Søndre Nordstrand Oslo,2064,11710.869812067416,17453,20501,6701.0,5.85,6.16,490000,30115,539000,10.829208453029786,59.941394700000004,10.798495515727911,59.83594385
247,30110.0,30115.0,Grorud Oslo,Søndre Nordstrand Oslo,1320,14635.37488511974,15957,17273,6701.0,4.37,6.16,453000,30115,539000,10.8805488,59.9614243,10.798495515727911,59.83594385
248,30111.0,30115.0,Stovner Oslo,Søndre Nordstrand Oslo,1321,14657.48656651034,17580,19116,6701.0,5.04,6.16,489000,30115,539000,10.9228232,59.9621403,10.798495515727911,59.83594385
249,30112.0,30115.0,Alna Oslo,Søndre Nordstrand Oslo,4550,10945.445100732364,29231,30341,6701.0,9.23,6.16,477000,30115,539000,10.8352756,59.9324168,10.798495515727911,59.83594385
250,30113.0,30115.0,Østensjø Oslo,Søndre Nordstrand Oslo,5826,6365.774367957424,27005,30474,6701.0,7.66,6.16,539000,30115,539000,10.83274792453087,59.8875633,10.798495515727911,59.83594385
251,30114.0,30115.0,Nordstrand Oslo,Søndre Nordstrand Oslo,8781,4724.411647476559,27713,30471,6701.0,11.83,6.16,607000,30115,539000,10.7861425,59.8645605,10.798495515727911,59.83594385
252,30115.0,30115.0,Søndre Nordstrand Oslo,Søndre Nordstrand Oslo,22139,0.0,21953,23438,6701.0,6.16,6.16,539000,30115,539000,10.798495515727911,59.83594385,10.798495515727911,59.83594385
253,30116.0,30115.0,Sentrum Oslo,Søndre Nordstrand Oslo,3323,9550.094968605588,825,1264,6701.0,1.4,6.16,335000,30115,539000,10.7531379,59.9110251,10.798495515727911,59.83594385
254,30117.0,30115.0,Marka Oslo,Søndre Nordstrand Oslo,123,20976.35839488719,1014,1035,6701.0,5.699999999999999,6.16,625000,30115,539000,10.671005191490298,60.040261650000005,10.798495515727911,59.83594385
255,30101.0,30116.0,Gamle Oslo,Sentrum Oslo,11361,1380.585824670632,32642,41736,77995.0,4.75,1.4,453000,30116,335000,10.73476733965368,59.8992367,10.7531379,59.9110251
256,30102.0,30116.0,Grünerløkka Oslo,Sentrum Oslo,9811,2752.2890698242704,36931,47824,77995.0,3.65,1.4,450000,30116,335000,10.777421166334747,59.92547125,10.7531379,59.9110251
257,30103.0,30116.0,Sagene Oslo,Sentrum Oslo,5477,3507.511950398989,27199,33852,77995.0,2.34,1.4,461000,30116,335000,10.765848812662396,59.93827295,10.7531379,59.9110251
258,30104.0,30116.0,St. Hanshaugen Oslo,Sentrum Oslo,12214,2178.116006620834,26137,29966,77995.0,2.8,1.4,430000,30116,335000,10.738958251649304,59.9279499,10.7531379,59.9110251
259,30105.0,30116.0,Frogner Oslo,Sentrum Oslo,14508,2751.375872424393,37858,42741,77995.0,5.35,1.4,464000,30116,335000,10.7066491,59.9222241,10.7531379,59.9110251
260,30106.0,30116.0,Ullern Oslo,Sentrum Oslo,3998,4752.553670612214,18359,19164,77995.0,7.1,1.4,648000,30116,335000,10.665131833047553,59.9258182,10.7531379,59.9110251
261,30107.0,30116.0,Vestre Aker Oslo,Sentrum Oslo,4681,6391.529767090363,26115,27837,77995.0,11.55,1.4,688000,30116,335000,10.6703187408315,59.95830005,10.7531379,59.9110251
262,30108.0,30116.0,Nordre Aker Oslo,Sentrum Oslo,6294,5129.769344757534,29692,31804,77995.0,10.5,1.4,578000,30116,335000,10.756412356654582,59.95363815,10.7531379,59.9110251
263,30109.0,30116.0,Bjerke Oslo,Sentrum Oslo,2896,5732.485285725952,17453,20501,77995.0,5.85,1.4,490000,30116,335000,10.829208453029786,59.941394700000004,10.7531379,59.9110251
264,30110.0,30116.0,Grorud Oslo,Sentrum Oslo,2003,9902.41920207938,15957,17273,77995.0,4.37,1.4,453000,30116,335000,10.8805488,59.9614243,10.7531379,59.9110251
265,30111.0,30116.0,Stovner Oslo,Sentrum Oslo,2088,11413.388525406195,17580,19116,77995.0,5.04,1.4,489000,30116,335000,10.9228232,59.9621403,10.7531379,59.9110251
266,30112.0,30116.0,Alna Oslo,Sentrum Oslo,4407,7376.794093982499,29231,30341,77995.0,9.23,1.4,477000,30116,335000,10.8352756,59.9324168,10.7531379,59.9110251
267,30113.0,30116.0,Østensjø Oslo,Sentrum Oslo,4326,5610.78964021059,27005,30474,77995.0,7.66,1.4,539000,30116,335000,10.83274792453087,59.8875633,10.7531379,59.9110251
268,30114.0,30116.0,Nordstrand Oslo,Sentrum Oslo,4968,4831.787332122614,27713,30471,77995.0,11.83,1.4,607000,30116,335000,10.7861425,59.8645605,10.7531379,59.9110251
269,30115.0,30116.0,Søndre Nordstrand Oslo,Sentrum Oslo,2988,9550.094968605588,21953,23438,77995.0,6.16,1.4,539000,30116,335000,10.798495515727911,59.83594385,10.7531379,59.9110251
270,30116.0,30116.0,Sentrum Oslo,Sentrum Oslo,25783,0.0,825,1264,77995.0,1.4,1.4,335000,30116,335000,10.7531379,59.9110251,10.7531379,59.9110251
271,30117.0,30116.0,Marka Oslo,Sentrum Oslo,252,11816.019110522811,1014,1035,77995.0,5.699999999999999,1.4,625000,30116,335000,10.671005191490298,60.040261650000005,10.7531379,59.9110251
272,30101.0,30117.0,Gamle Oslo,Marka Oslo,380,13191.893903590484,32642,41736,793.0,4.75,5.699999999999999,453000,30117,625000,10.73476733965368,59.8992367,10.671005191490298,60.040261650000005
273,30102.0,30117.0,Grünerløkka Oslo,Marka Oslo,565,10546.749789837548,36931,47824,793.0,3.65,5.699999999999999,450000,30117,625000,10.777421166334747,59.92547125,10.671005191490298,60.040261650000005
274,30103.0,30117.0,Sagene Oslo,Marka Oslo,611,8934.335989167954,27199,33852,793.0,2.34,5.699999999999999,461000,30117,625000,10.765848812662396,59.93827295,10.671005191490298,60.040261650000005
275,30104.0,30117.0,St. Hanshaugen Oslo,Marka Oslo,567,9650.40985410208,26137,29966,793.0,2.8,5.699999999999999,430000,30117,625000,10.738958251649304,59.9279499,10.671005191490298,60.040261650000005
276,30105.0,30117.0,Frogner Oslo,Marka Oslo,711,11910.554042001106,37858,42741,793.0,5.35,5.699999999999999,464000,30117,625000,10.7066491,59.9222241,10.671005191490298,60.040261650000005
277,30106.0,30117.0,Ullern Oslo,Marka Oslo,508,10231.75676145214,18359,19164,793.0,7.1,5.699999999999999,648000,30117,625000,10.665131833047553,59.9258182,10.671005191490298,60.040261650000005
278,30107.0,30117.0,Vestre Aker Oslo,Marka Oslo,1284,7197.6325136266205,26115,27837,793.0,11.55,5.699999999999999,688000,30117,625000,10.6703187408315,59.95830005,10.671005191490298,60.040261650000005
279,30108.0,30117.0,Nordre Aker Oslo,Marka Oslo,1417,7097.385254584116,29692,31804,793.0,10.5,5.699999999999999,578000,30117,625000,10.756412356654582,59.95363815,10.671005191490298,60.040261650000005
280,30109.0,30117.0,Bjerke Oslo,Marka Oslo,441,10343.788796055882,17453,20501,793.0,5.85,5.699999999999999,490000,30117,625000,10.829208453029786,59.941394700000004,10.671005191490298,60.040261650000005
281,30110.0,30117.0,Grorud Oslo,Marka Oslo,252,11045.791228696464,15957,17273,793.0,4.37,5.699999999999999,453000,30117,625000,10.8805488,59.9614243,10.671005191490298,60.040261650000005
282,30111.0,30117.0,Stovner Oslo,Marka Oslo,153,13277.294432511277,17580,19116,793.0,5.04,5.699999999999999,489000,30117,625000,10.9228232,59.9621403,10.671005191490298,60.040261650000005
283,30112.0,30117.0,Alna Oslo,Marka Oslo,601,12621.993107480615,29231,30341,793.0,9.23,5.699999999999999,477000,30117,625000,10.8352756,59.9324168,10.671005191490298,60.040261650000005
284,30113.0,30117.0,Østensjø Oslo,Marka Oslo,427,15276.356293005569,27005,30474,793.0,7.66,5.699999999999999,539000,30117,625000,10.83274792453087,59.8875633,10.671005191490298,60.040261650000005
285,30114.0,30117.0,Nordstrand Oslo,Marka Oslo,213,16439.230350634418,27713,30471,793.0,11.83,5.699999999999999,607000,30117,625000,10.7861425,59.8645605,10.671005191490298,60.040261650000005
286,30115.0,30117.0,Søndre Nordstrand Oslo,Marka Oslo,171,20976.35839488719,21953,23438,793.0,6.16,5.699999999999999,539000,30117,625000,10.798495515727911,59.83594385,10.671005191490298,60.040261650000005
287,30116.0,30117.0,Sentrum Oslo,Marka Oslo,291,11816.019110522811,825,1264,793.0,1.4,5.699999999999999,335000,30117,625000,10.7531379,59.9110251,10.671005191490298,60.040261650000005
288,30117.0,30117.0,Marka Oslo,Marka Oslo,1492,0.0,1014,1035,793.0,5.699999999999999,5.699999999999999,625000,30117,625000,10.671005191490298,60.040261650000005,10.671005191490298,60.040261650000005
